Date,AAPL,MMM,ABT,ABBV,ABMD,ACN,ATVI,ADBE,AMD,AAP,AES,AMG,AFL,A,APD,AKAM,ALK,ALB,ARE,ALXN,ALGN,ALLE,AGN,ADS,LNT,ALL,GOOGL,GOOG,MO,AMZN,AEE,AAL,AEP,AXP,AIG,AMT,AWK,AMP,ABC,AME,AMGN,APH,APC,ADI,ANSS,ANTM,AON,AOS,APA,AIV,AMAT,ADM,ARNC,AJG,AIZ,ATO,T,ADSK
2015-01-02,109.33,164.06,44.9,65.89,37.31,88.84,20.13,72.34,2.69,158.56,13.7,210.43,61.08,40.56,145.43,63.25,60.33,60.31,89.79,186.6,56.2,55.05,259.13,285.37,66.5,70.12,529.55,524.81,48.97,308.52,45.99,53.91,61.15,93.02,56.11,99.67,53.94,132.09,90.46,52.62,159.89,53.64,82.29,55.54,81.64,125.46,94.33,56.01,63.83,37.89,24.96,52.02,15.88,46.98,67.77,55.9,33.87,59.53
2015-01-05,106.25,160.36,44.91,64.65,37.07,87.34,19.85,71.98,2.66,156.47,13.31,202.8,59.48,39.8,140.78,61.94,59.47,58.31,90.87,182.17,56.99,54.94,256.69,281.4,65.69,68.73,519.46,513.87,48.69,302.19,45.53,53.875,60.25,90.56,55.0,98.23,53.11,127.85,89.69,51.04,157.99,52.66,75.8,54.525,80.855,123.26,93.42,55.03,59.91,38.22,24.16,50.22,14.96,46.7,66.25,54.89,33.55,58.66
2015-01-06,106.26,158.65,44.4,64.33,36.13,86.71,19.48,70.53,2.63,156.36,13.01,198.43,58.95,39.18,140.73,60.67,58.77,57.17,91.33,177.95,57.45,54.85,255.17,277.82,65.48,68.68,506.64,501.96,48.98,295.29,45.0,53.04,60.58,88.63,54.22,97.97,53.25,124.41,90.18,50.06,152.9,51.99,75.24,53.25,79.26,124.94,92.86,54.58,59.26,38.53,23.25,49.23,15.07,46.61,65.33,54.55,33.6,57.5
2015-01-07,107.75,159.8,44.76,66.93,37.28,88.53,19.055,71.11,2.58,159.72,13.03,203.3,59.32,39.7,142.25,60.16,59.67,56.94,92.57,187.93,59.57,55.6,265.23,279.95,66.56,69.81,505.15,501.1,49.88,298.42,45.35,53.01,61.44,90.3,54.48,99.0,53.93,126.62,91.98,50.21,158.24,52.88,76.44,53.81,79.71,125.56,93.92,54.98,58.6,38.92,23.465,49.97,15.46,47.06,65.59,55.33,33.17,57.38
2015-01-08,111.89,163.63,45.68,67.63,38.96,89.88,19.25,72.915,2.61,161.12,13.23,205.37,59.9,40.89,145.54,61.57,60.7,58.73,93.63,183.8,61.44,56.35,268.96,287.93,67.61,71.15,506.91,502.68,50.72,300.46,45.51,53.66,61.97,91.58,54.24,99.92,54.14,128.87,92.19,51.45,157.67,53.91,78.91,54.76,81.655,131.55,95.3,56.41,60.87,39.34,24.215,49.24,15.9,47.88,66.57,55.7,33.5,58.8
2015-01-09,112.01,161.62,45.2,65.78,38.41,89.78,18.9,71.84,2.63,160.3,12.9,205.34,58.63,40.59,143.36,60.78,59.73,59.02,93.36,184.27,62.58,55.88,268.68,290.75,66.65,70.42,500.72,496.17,50.6,296.93,45.0,52.02,61.64,90.42,53.32,99.41,54.3,127.68,93.0,50.99,155.73,53.6,79.14,54.72,80.76,129.8,94.78,55.51,60.69,39.55,24.24,48.82,16.11,47.23,66.34,55.25,33.4,58.27
2015-01-12,109.25,160.74,45.58,65.76,38.56,89.51,18.86,71.12,2.63,158.93,12.88,201.59,58.29,40.11,142.37,60.75,60.61,59.7,93.97,183.36,63.17,54.99,272.28,291.36,66.47,69.7,497.06,492.55,50.92,291.41,44.82,49.58,61.56,89.5,52.36,98.98,54.13,126.38,90.93,49.72,156.22,52.95,75.05,54.17,79.92,128.83,93.44,55.73,58.46,40.31,23.66,48.21,16.17,47.08,66.02,55.34,33.49,57.29
2015-01-13,110.22,160.62,44.61,63.39,38.81,89.83,18.56,70.59,2.66,153.76,13.02,201.17,58.0,39.55,141.62,60.79,61.41,60.99,94.28,179.21,62.65,55.1,269.9,287.55,66.93,70.12,501.8,496.18,51.32,294.74,45.21,50.4,61.87,89.23,51.87,97.88,54.25,127.3,91.64,49.72,155.14,52.83,75.8,53.55,80.63,130.28,93.83,55.49,58.46,38.86,23.33,48.28,15.8,47.31,66.02,55.61,33.49,57.34
2015-01-14,109.8,159.84,44.28,63.7,38.25,88.78,18.93,69.99,2.63,150.83,13.14,198.04,57.55,39.06,139.93,59.71,61.54,59.52,94.84,175.4,61.06,55.33,266.42,281.37,68.16,69.43,505.93,500.87,51.73,293.27,45.63,49.41,62.76,87.07,51.38,97.26,55.21,124.97,92.1,49.1,155.16,52.45,77.35,53.51,80.72,131.81,93.69,55.35,59.53,39.41,23.02,47.45,14.95,46.98,65.52,57.14,33.33,56.41
2015-01-15,106.82,159.66,43.95,62.89,37.11,88.17,18.55,70.29,2.52,148.02,13.1,194.37,57.36,38.01,139.46,58.63,61.47,58.08,95.25,172.87,59.63,53.8,263.75,279.65,68.32,69.23,504.01,501.79,52.47,286.95,46.05,49.41,63.16,85.88,50.4,96.28,55.25,122.86,91.4,48.33,151.92,51.93,75.48,52.73,80.83,134.09,93.55,54.23,60.0,39.45,23.325,47.21,14.97,46.7,64.66,57.31,33.26,55.71
2015-01-16,105.99,162.0,44.49,64.54,37.92,88.89,20.25,71.73,2.39,150.0,13.37,195.39,58.18,38.25,139.71,59.22,62.35,58.52,96.7,180.44,56.92,53.37,268.66,289.55,69.6,70.84,510.455,508.08,53.05,290.74,46.54,49.81,63.57,86.04,51.11,97.42,55.71,124.66,92.42,48.56,158.43,52.42,78.45,53.69,82.69,136.01,95.56,54.66,62.25,40.23,23.47,47.68,15.28,46.18,65.18,58.47,33.8,56.85
2015-01-20,108.72,161.94,44.22,63.45,37.87,88.62,20.22,71.49,2.24,152.66,13.09,197.79,58.01,37.93,141.38,59.65,64.6,57.8,95.53,183.06,56.24,52.79,269.01,293.28,69.57,70.36,509.94,506.9,53.83,289.44,46.26,52.75,63.53,87.26,50.65,97.13,56.14,125.16,92.44,48.46,157.6,52.35,77.77,54.39,82.5,137.13,94.67,54.51,60.16,39.66,23.63,47.2,15.55,45.58,64.45,58.22,33.95,57.1
2015-01-21,109.55,162.54,44.06,62.7,37.81,88.34,20.1,71.54,2.45,153.35,13.2,202.43,58.1,38.16,143.1,60.265,64.98,58.61,95.96,179.26,55.9,52.92,275.77,294.92,70.07,70.3,520.39,518.04,54.27,297.25,46.46,53.67,64.14,87.67,50.83,96.75,56.56,126.34,92.78,49.15,157.38,53.93,80.74,54.58,82.95,139.68,94.55,54.62,62.32,39.89,24.32,47.7,15.92,45.34,64.96,58.61,34.0,57.55
2015-01-22,112.4,165.89,44.49,62.98,38.94,89.5,20.59,73.48,2.47,156.54,12.92,210.59,59.15,39.65,144.32,60.64,67.94,59.55,98.16,180.32,58.01,54.36,278.01,294.43,70.05,71.95,537.3,534.39,54.66,310.32,46.3,55.59,64.08,84.37,52.28,98.83,56.53,130.23,94.15,49.29,159.57,54.76,81.52,54.75,84.64,142.86,95.7,55.76,63.76,40.5,24.62,48.08,16.04,46.17,65.96,58.64,33.79,58.27
2015-01-23,112.98,164.02,43.86,62.43,39.48,89.22,20.65,74.06,2.45,155.78,12.68,206.54,58.73,38.81,143.46,61.02,68.65,56.84,98.4,183.32,57.46,54.48,279.12,298.54,70.2,71.43,541.95,539.95,54.19,312.39,46.33,55.69,64.52,84.13,51.51,99.6,56.56,129.48,94.73,48.83,159.81,54.91,81.44,54.51,84.71,140.77,94.42,55.55,62.88,40.55,24.11,47.87,15.76,45.51,65.28,58.66,33.37,58.19
2015-01-26,113.1,164.24,44.15,62.83,39.57,89.08,20.835,72.74,2.61,159.23,12.73,210.25,59.02,39.15,143.08,61.17,70.44,57.14,100.09,182.76,58.2,53.91,285.02,300.65,70.17,71.73,536.72,535.21,54.44,309.66,46.21,55.45,64.57,83.3,51.21,101.76,56.86,130.78,95.85,49.58,159.73,54.79,82.66,54.66,85.11,138.7,94.17,55.86,64.47,40.9,24.24,48.29,16.08,45.7,65.37,58.81,33.18,58.23
2015-01-27,109.14,163.63,43.68,63.1,38.63,86.16,20.47,71.46,2.7,159.03,12.73,204.85,58.51,38.75,141.85,60.29,69.7,56.37,99.29,180.36,58.75,53.8,280.2,294.75,70.02,71.44,521.19,518.63,54.56,306.75,46.21,52.695,64.25,82.4,50.47,100.39,56.8,129.01,95.92,49.0,158.89,54.32,82.65,53.37,83.3,137.78,93.34,59.73,64.59,41.08,23.57,48.28,15.92,45.32,65.12,58.47,32.81,56.15
2015-01-28,115.31,163.94,43.41,61.85,49.94,84.36,20.67,70.25,2.63,159.3,12.32,205.61,57.36,38.0,138.83,58.99,68.7,55.37,98.95,177.78,58.57,54.35,273.88,290.1,69.2,70.32,512.43,510.0,54.01,303.91,45.6,50.62,63.38,81.73,49.21,98.88,56.67,126.39,96.37,48.75,154.64,53.97,79.18,52.925,81.595,133.58,91.09,59.36,61.12,40.9,23.375,47.49,15.8,44.93,63.83,57.54,32.68,54.59
2015-01-29,118.9,166.13,45.26,63.12,52.25,85.64,20.745,71.64,2.61,160.26,12.44,205.11,57.65,38.46,146.99,59.95,71.07,47.77,99.32,188.05,58.67,54.79,273.25,292.93,70.32,71.05,513.23,510.66,54.39,311.78,46.51,52.24,63.72,82.0,49.26,98.42,57.36,128.26,96.34,49.14,156.37,54.96,80.14,53.23,82.17,137.1,91.18,59.36,61.23,40.79,23.62,47.92,15.98,45.09,64.44,58.69,32.96,55.36
2015-01-30,117.16,162.3,44.76,60.35,51.74,84.03,20.895,70.13,2.57,159.0,12.22,205.52,57.08,37.77,145.61,58.155,67.87,48.26,97.52,183.24,53.05,54.01,266.54,288.83,68.61,69.79,537.55,534.52,53.1,354.53,45.28,49.08,62.81,80.69,48.87,96.95,56.14,124.94,95.05,47.9,152.26,53.71,81.75,52.105,80.67,134.96,90.05,59.41,62.57,39.86,22.84,46.63,15.65,44.43,63.51,56.91,32.92,54.005
2015-02-02,118.63,164.42,45.23,60.7,51.86,85.83,21.125,71.11,2.67,155.97,12.36,207.22,58.17,38.69,147.68,58.49,67.32,47.92,96.95,178.17,55.18,54.49,267.79,291.52,68.93,70.91,532.2,528.48,53.8,364.47,45.41,48.72,63.06,82.13,50.46,97.85,56.71,128.76,95.15,49.52,152.5,54.24,82.77,52.295,81.26,135.5,91.85,59.8,66.23,39.87,22.855,48.17,16.07,45.16,64.58,57.5,33.56,54.115
2015-02-03,118.65,165.94,45.83,61.65,52.89,87.92,21.66,71.92,2.76,157.07,12.48,210.96,59.09,39.62,148.41,60.115,65.18,49.38,97.02,177.51,54.68,55.05,268.35,295.28,69.11,72.03,533.3,529.24,54.26,363.55,45.43,47.5,62.76,83.73,51.33,99.09,56.53,132.52,95.64,50.45,152.23,54.58,85.6,53.97,83.28,136.96,92.77,60.89,68.06,40.06,23.45,48.76,16.61,45.63,65.66,57.92,34.34,54.92
2015-02-04,119.56,164.81,45.17,56.91,54.15,87.34,21.52,72.28,2.85,156.47,12.52,209.52,60.68,39.11,148.42,59.95,66.7,48.85,96.19,178.29,54.3,55.63,266.23,292.32,68.11,72.58,526.1,522.76,54.03,364.75,44.58,49.46,62.22,83.61,51.51,97.85,55.64,131.88,95.87,49.51,151.45,54.57,83.07,53.78,82.525,137.65,93.12,61.11,67.31,40.12,23.62,46.15,16.42,46.32,65.56,56.76,34.41,56.44
2015-02-05,119.94,166.55,45.65,57.99,55.52,88.47,21.82,73.1,3.31,160.16,12.67,212.94,60.98,39.53,151.52,60.49,66.82,49.75,96.89,178.17,55.0,57.0,274.67,279.73,68.81,72.3,529.83,527.58,53.67,373.89,45.13,48.81,62.45,84.73,51.62,99.59,56.36,132.48,96.34,49.69,153.36,55.24,83.68,54.95,83.74,137.23,93.72,61.29,68.37,40.53,23.96,48.68,17.07,46.45,66.28,57.44,34.54,56.23
2015-02-06,118.93,166.07,45.5,56.9,57.94,88.15,22.105,72.54,3.03,162.0,12.07,214.45,61.28,39.34,150.32,61.13,65.92,51.08,94.27,175.63,54.63,57.55,276.55,274.41,65.78,70.93,533.875,531.0,53.33,374.28,42.89,48.145,59.15,85.01,52.1,95.73,54.83,134.79,97.04,49.61,151.4,55.05,82.7,55.005,84.03,135.69,96.42,61.45,68.33,39.05,24.235,47.56,16.57,46.32,66.35,55.09,34.87,57.07
2015-02-09,119.72,164.84,44.52,55.48,56.81,87.36,22.04,72.33,3.04,160.74,11.85,214.75,61.14,39.04,149.77,60.96,63.51,52.14,94.35,171.42,55.02,56.91,272.31,273.12,64.64,70.03,529.28,527.83,53.16,370.56,42.2,46.53,58.24,84.98,52.14,96.7,53.94,134.69,95.56,49.85,150.01,54.8,83.46,54.555,83.79,134.88,96.64,61.38,67.22,38.48,23.51,47.38,15.65,46.0,65.84,54.49,34.64,57.34
2015-02-10,122.02,165.82,44.92,56.89,57.69,87.52,22.28,72.76,3.04,162.9,12.16,213.25,61.45,39.67,150.29,62.21,65.37,52.17,94.77,176.39,55.74,56.88,279.14,279.44,66.08,70.05,540.16,536.94,53.77,372.995,43.34,48.05,59.31,85.84,52.41,96.37,54.3,136.17,96.91,50.03,152.57,55.74,84.34,55.54,85.64,138.74,98.19,62.11,66.25,38.33,24.28,47.58,15.91,46.24,66.05,54.95,34.85,58.5
2015-02-11,124.88,164.48,44.93,56.69,58.9,87.96,22.66,73.01,3.07,162.39,11.93,212.98,61.83,39.33,150.01,63.75,64.51,53.18,94.83,173.5,55.8,56.72,277.51,279.65,64.66,71.18,538.0,535.97,54.76,375.14,42.48,47.59,58.28,86.01,52.25,95.96,53.54,136.24,98.74,49.9,153.11,55.55,85.61,55.62,85.24,141.49,100.08,62.24,64.75,38.02,24.26,46.92,15.46,46.82,66.3,53.48,34.39,58.3
2015-02-12,126.46,165.91,45.22,57.05,59.93,89.09,22.94,74.59,3.12,151.42,11.86,214.56,61.8,40.02,152.22,67.59,62.75,53.96,96.19,176.27,57.24,57.76,281.66,284.91,64.46,71.57,546.01,542.93,55.54,377.17,42.66,47.88,57.98,80.48,52.45,95.97,53.61,137.57,99.83,50.61,153.18,56.0,87.31,56.715,85.9,142.0,100.74,62.66,64.58,39.05,24.14,47.44,15.65,47.23,66.42,53.17,34.61,59.07
2015-02-13,127.08,165.94,46.09,58.05,60.39,89.79,23.11,76.51,3.15,150.16,11.86,215.77,62.13,40.15,152.81,68.77,62.56,54.59,94.9,182.29,56.9,58.66,285.37,286.61,63.57,71.46,551.16,549.01,54.76,381.83,41.54,48.39,57.83,78.08,53.96,96.4,52.64,137.81,100.34,51.41,153.48,56.39,89.44,57.05,86.26,141.05,100.56,62.76,67.05,38.55,24.12,48.1,15.81,47.5,61.44,52.52,34.66,60.67
2015-02-17,127.83,166.92,46.41,58.72,60.62,89.3,23.49,77.13,3.11,150.23,11.64,217.33,62.35,40.52,153.46,70.36,62.23,54.79,94.66,178.97,57.63,58.56,286.9,284.23,63.42,71.27,545.01,542.84,55.14,375.43,41.67,48.01,57.87,79.08,54.99,96.22,52.75,137.53,100.6,51.5,154.24,56.0,88.67,58.81,86.54,141.76,100.71,62.48,66.79,38.31,24.13,47.77,15.75,48.0,60.87,52.54,34.71,61.13
2015-02-18,128.715,167.4,46.41,59.24,60.57,89.43,23.41,77.73,3.08,153.22,11.83,216.63,61.75,41.54,153.87,70.29,63.83,54.86,96.28,180.29,56.54,56.0,284.0,282.87,65.04,70.71,542.65,539.7,55.24,373.37,42.77,49.31,59.12,79.78,54.71,96.2,54.11,135.86,100.66,51.38,155.78,56.25,86.87,58.38,85.91,141.84,100.56,62.98,65.75,38.79,24.1,47.71,15.85,48.34,60.57,53.53,34.49,61.11
2015-02-19,128.45,167.09,46.61,59.0,60.52,90.27,23.315,77.73,3.055,153.27,11.85,217.57,61.78,41.15,156.08,71.56,62.94,54.43,94.76,182.28,56.81,57.62,289.44,281.93,64.55,71.17,546.45,542.87,55.48,378.995,42.51,49.78,58.41,78.4,54.98,95.26,53.8,135.85,101.01,51.26,156.05,56.22,86.1,58.65,86.63,142.65,100.28,62.94,66.63,37.74,24.93,47.78,16.0,48.5,60.83,52.86,34.09,61.46
2015-02-20,129.495,168.12,47.48,61.3,60.35,90.49,23.31,78.55,3.06,155.06,11.89,218.31,62.13,41.95,157.66,71.62,64.14,55.47,96.09,186.02,56.81,58.6,295.77,282.4,64.61,71.6,541.8,538.95,55.61,383.66,42.97,51.02,58.72,79.83,55.22,96.53,53.94,136.2,101.98,51.62,157.66,56.92,85.45,59.13,87.25,144.59,100.34,63.3,66.22,38.24,25.13,48.15,15.79,48.55,60.67,52.93,34.08,62.37
2015-02-23,133.0,168.81,47.32,60.57,61.12,90.57,23.37,78.1,3.06,157.18,11.92,215.85,61.43,41.73,156.1,70.24,64.14,55.56,97.4,184.14,56.535,58.34,292.45,279.62,65.09,71.26,535.0,531.91,55.51,380.14,43.12,51.31,59.09,80.3,54.57,97.33,54.3,134.76,102.76,52.41,158.42,56.72,85.52,58.98,86.195,147.35,100.51,63.54,66.22,38.87,24.91,48.26,15.51,47.87,60.22,53.13,33.85,61.95
2015-02-24,132.17,169.12,47.47,60.87,60.92,90.85,23.54,77.68,3.11,156.4,12.12,218.12,62.06,42.06,156.98,70.12,64.43,56.08,95.7,182.29,56.56,58.4,289.11,276.19,65.51,71.67,538.65,536.09,55.72,378.59,42.99,51.52,59.28,80.86,55.04,94.65,54.2,135.48,102.97,52.6,157.37,56.82,85.89,59.61,85.62,147.28,100.59,63.33,66.91,37.7,25.36,48.65,15.74,47.6,60.75,53.33,34.05,62.07
2015-02-25,128.79,168.89,47.4,60.62,60.17,90.6,23.455,78.07,3.1,156.25,12.0,218.43,61.95,42.2,157.05,69.45,63.44,56.33,96.14,184.9,56.16,58.55,290.4,276.46,64.37,71.12,547.33,543.87,55.64,385.37,43.13,49.73,58.08,82.17,54.8,97.85,54.46,135.32,103.29,52.95,158.08,56.85,86.41,58.99,86.32,146.97,100.45,62.93,67.83,37.47,25.1,48.1,15.0,47.28,61.27,53.15,34.21,62.01
2015-02-26,130.415,169.61,47.61,60.52,61.0,90.3,23.35,78.96,3.08,155.38,12.63,219.05,62.18,42.36,156.63,69.555,63.98,56.3,95.04,183.11,56.43,58.29,289.78,279.4,63.71,71.31,559.29,555.48,56.09,384.8,42.53,49.35,57.41,83.25,54.93,98.88,53.64,135.34,102.98,53.27,158.97,56.8,85.24,58.88,85.59,146.72,100.22,63.49,65.74,37.1,24.91,47.55,15.11,47.32,61.06,52.49,34.5,61.01
2015-02-27,128.46,168.65,47.37,60.5,60.79,90.03,23.32,79.1,3.11,154.93,12.97,216.42,62.25,42.21,156.14,69.51,63.65,56.57,95.91,180.37,57.35,57.73,291.36,278.51,63.6,70.6,562.63,558.4,56.29,380.16,42.41,47.9,57.58,81.59,55.33,99.14,54.08,133.63,102.76,53.14,157.72,56.46,84.23,58.54,85.97,146.45,100.36,63.03,65.84,37.68,25.05,47.88,14.79,46.99,61.27,53.04,34.56,64.24
2015-03-02,129.09,170.5,47.22,60.46,62.19,91.18,23.245,79.79,3.21,154.77,12.65,217.99,62.57,42.7,158.13,71.13,65.44,56.68,97.41,184.62,57.76,58.82,297.31,282.29,62.41,70.98,575.02,571.34,56.5,385.655,42.19,48.31,56.15,82.03,55.65,99.4,53.27,134.9,103.1,53.75,159.63,57.22,82.02,59.775,86.44,146.93,100.24,64.45,65.79,37.94,25.63,47.85,14.95,46.95,61.69,52.12,34.64,64.0
2015-03-03,129.36,168.27,47.09,59.62,60.15,90.84,23.1,78.99,3.14,154.47,13.0,217.04,62.28,42.26,156.06,69.86,66.16,56.74,97.52,182.51,56.97,58.5,296.23,279.2,62.64,70.49,578.795,573.64,56.46,384.61,42.19,48.77,56.73,81.91,55.58,98.28,53.61,134.47,103.04,53.54,158.56,57.32,82.78,58.74,86.225,145.99,99.92,63.2,66.72,37.69,24.485,47.52,15.18,46.81,61.37,53.29,34.41,62.7
2015-03-04,128.54,167.16,47.01,60.27,61.24,90.91,22.93,77.63,3.05,150.83,12.75,212.75,62.35,42.0,154.74,71.05,65.77,55.4,97.09,182.53,57.15,58.45,296.14,278.24,62.09,69.5,578.33,573.37,55.79,382.72,41.76,48.95,56.58,80.63,55.38,98.56,53.43,133.62,103.48,52.86,159.19,58.24,83.35,58.4,86.08,146.55,99.63,63.38,66.53,37.4,24.27,47.08,14.59,46.54,60.55,53.12,34.0,62.52
2015-03-05,126.41,167.57,47.44,56.86,61.38,92.05,23.29,78.62,2.98,152.52,12.7,215.81,62.8,42.22,154.86,71.09,64.64,55.28,97.83,185.79,57.89,58.11,295.7,282.71,62.2,69.56,581.435,575.33,55.5,387.83,42.16,48.395,57.08,81.15,55.61,99.24,53.92,134.41,103.64,52.92,159.6,58.72,82.84,58.45,86.38,146.85,100.23,63.44,65.43,37.75,24.18,47.48,14.38,46.46,61.64,53.43,34.0,62.95
2015-03-06,126.6,164.36,46.5,55.64,60.35,90.67,23.07,77.55,2.92,149.07,12.23,214.39,62.16,41.53,152.61,69.96,63.73,54.83,94.74,181.65,57.09,57.45,289.92,279.16,60.25,69.14,572.9,567.685,53.37,380.09,40.95,47.995,55.01,80.31,56.0,96.61,52.28,132.98,102.26,52.02,154.88,57.77,81.73,57.93,85.36,145.16,98.79,63.04,63.13,36.86,23.91,46.25,14.48,45.81,61.59,52.21,33.48,61.74
2015-03-09,127.14,166.37,46.83,55.54,59.91,90.79,23.315,77.93,2.93,148.29,12.19,214.56,62.3,41.74,153.89,69.6,63.98,54.9,95.39,184.91,56.49,57.99,293.6,280.18,60.7,69.59,574.1,568.85,53.83,378.56,41.12,47.92,55.18,80.51,56.11,96.58,52.29,134.14,103.34,52.21,155.01,57.71,80.77,58.46,85.95,146.75,98.93,63.65,61.41,37.03,24.09,46.39,13.7,46.08,62.2,52.18,33.35,61.76
2015-03-10,124.51,162.26,46.17,55.84,59.09,88.06,22.74,76.005,2.92,146.53,12.12,208.91,61.05,40.63,152.1,69.2,64.17,54.34,94.14,181.28,56.86,57.61,287.6,274.32,60.67,68.39,559.85,555.01,53.2,369.51,41.47,46.735,55.26,79.11,54.42,94.57,52.26,130.24,102.93,51.44,153.58,57.26,78.99,57.2,84.59,144.28,96.02,62.93,60.15,37.63,23.51,45.52,13.5,45.64,60.87,52.02,32.78,59.64
2015-03-11,122.24,161.73,46.3,56.62,58.7,86.86,22.81,76.01,2.84,147.33,12.05,209.26,61.49,40.85,151.3,70.36,65.08,53.54,94.94,178.81,56.93,57.91,292.86,277.03,60.31,69.09,555.69,551.18,52.22,366.37,40.73,47.39,54.77,79.45,54.72,94.63,52.19,130.63,103.84,51.46,152.7,57.29,79.49,57.29,84.81,144.38,96.43,63.16,61.16,38.01,23.455,45.5,13.59,46.17,60.3,52.05,32.62,59.88
2015-03-12,124.45,164.47,47.25,58.0,61.26,88.2,22.79,77.4,2.76,149.32,12.1,213.82,62.65,41.1,153.29,71.02,67.11,53.65,97.46,178.0,56.99,58.4,298.63,283.45,61.15,70.4,561.17,555.51,52.01,374.24,41.77,48.68,55.97,81.56,55.6,96.27,52.97,134.44,105.38,52.16,154.25,58.29,78.19,57.51,84.9,147.46,98.28,63.06,60.17,38.5,23.77,46.64,13.8,46.92,61.87,53.4,33.13,60.14
2015-03-13,123.59,162.74,46.88,58.0,60.86,87.87,22.99,77.62,2.75,149.61,11.92,210.86,62.13,40.87,152.0,70.81,66.66,52.94,96.77,176.89,55.98,58.16,298.95,284.17,60.52,69.56,553.0,547.32,51.39,370.58,41.13,49.22,55.31,80.6,55.3,94.24,52.26,133.36,106.15,51.91,154.26,57.95,78.42,57.53,84.99,150.01,96.88,62.04,59.36,38.38,24.24,46.3,13.57,46.5,61.22,53.09,32.76,60.48
2015-03-16,124.95,166.21,47.83,59.12,61.24,88.91,23.18,78.33,2.76,151.12,12.01,213.86,62.96,41.81,152.63,72.08,67.57,52.79,97.43,178.5,56.34,58.74,305.0,289.32,61.79,70.49,561.64,554.51,52.09,373.35,41.88,50.22,56.16,81.5,55.93,94.61,52.84,135.73,110.13,52.95,163.03,59.31,80.64,58.795,86.44,153.25,98.75,62.78,59.83,39.16,24.57,46.49,13.29,47.44,61.77,53.88,33.06,61.5
2015-03-17,127.04,164.23,47.09,59.73,60.12,88.84,23.105,79.66,2.77,150.0,12.19,212.81,62.88,41.58,152.64,72.06,68.8,52.49,97.69,184.12,56.19,58.34,307.51,288.91,61.69,69.98,557.61,550.84,51.62,371.92,41.83,53.69,55.9,81.06,55.8,94.12,53.15,134.88,110.36,52.8,163.07,59.0,80.44,58.76,86.84,153.3,98.5,63.12,59.09,39.01,24.205,46.25,13.06,47.48,61.85,54.25,32.9,61.43
2015-03-18,128.47,166.47,47.39,59.89,60.44,90.93,23.58,76.89,2.75,149.03,12.64,216.42,63.62,42.12,154.68,72.88,67.97,52.75,99.4,188.16,56.38,59.84,313.95,292.66,63.02,70.62,566.16,559.5,51.34,375.135,42.81,54.13,57.55,81.86,56.42,95.51,54.25,135.37,111.7,53.72,166.54,60.2,82.59,59.67,87.71,157.39,99.53,65.04,61.5,40.04,24.365,47.17,13.28,47.74,62.02,55.66,33.59,61.63
2015-03-19,127.495,165.66,47.44,61.19,61.1,90.19,23.15,77.14,2.74,149.19,12.52,213.44,63.09,42.21,152.24,72.75,68.35,51.67,99.48,189.07,58.32,60.01,314.41,292.4,62.72,70.6,563.67,557.99,51.27,373.24,42.24,55.19,57.05,81.54,55.65,94.59,54.34,133.34,112.37,53.1,169.11,59.97,80.43,60.0,87.85,157.32,98.91,64.25,59.88,40.05,24.08,46.49,12.96,47.59,61.31,55.19,33.2,61.0
2015-03-20,125.9,166.49,47.47,60.4,60.0,91.48,23.42,77.36,2.8,151.91,12.84,219.29,63.89,42.21,152.71,72.87,68.68,52.25,102.42,187.71,57.18,61.14,317.06,294.45,63.58,71.46,564.95,560.36,51.42,378.49,42.66,55.76,57.7,82.7,55.94,97.69,55.02,136.17,113.46,53.8,170.1,60.05,81.95,61.07,88.57,158.38,99.3,64.51,59.55,41.19,24.12,46.95,12.97,47.64,62.19,55.85,33.23,60.98
2015-03-23,127.21,166.13,47.47,60.48,61.43,91.54,23.18,76.35,2.84,149.51,12.88,219.23,63.86,42.2,151.89,73.14,67.49,51.91,101.93,185.44,56.33,60.9,314.97,294.65,63.43,71.89,565.37,558.81,51.62,375.11,42.41,54.395,57.95,82.2,55.83,97.64,54.6,134.99,113.64,53.66,166.54,59.74,81.04,60.4,87.78,157.57,99.09,63.98,58.68,40.85,23.97,47.13,13.0,47.4,62.2,55.43,33.28,60.83
2015-03-24,126.69,166.32,47.0,59.63,72.48,89.41,23.18,75.45,2.79,151.01,12.69,217.11,63.6,41.09,152.18,72.61,66.98,52.0,101.09,183.44,55.48,60.9,309.13,294.21,62.54,71.34,577.54,570.19,51.11,374.09,41.68,53.93,57.25,81.37,55.37,97.16,54.29,133.09,113.89,53.21,166.01,59.09,81.41,60.36,87.84,157.6,98.18,64.14,59.03,40.33,23.895,46.96,13.09,47.06,62.11,55.19,33.07,61.07
2015-03-25,123.38,162.7,46.53,58.22,70.52,88.21,22.7,73.13,2.63,148.73,12.5,213.89,63.35,40.81,150.66,70.645,64.6,51.18,99.23,175.63,54.69,60.31,300.63,290.26,62.02,70.55,567.0,558.785,50.15,370.96,41.46,52.01,55.91,80.11,54.52,95.47,53.93,130.51,112.14,52.0,160.62,57.61,82.34,57.56,86.42,154.42,95.95,63.47,59.83,39.45,22.625,46.71,12.97,46.31,60.98,54.64,32.62,59.35
2015-03-26,124.24,162.59,46.5,57.27,69.03,94.17,22.48,72.97,2.65,149.41,12.46,215.14,63.5,40.7,151.16,71.035,64.61,51.0,97.57,176.04,54.58,60.51,301.32,291.66,61.3,70.2,563.64,555.17,50.0,367.35,40.95,51.265,55.33,78.48,54.17,95.2,53.46,130.25,112.09,51.85,160.55,57.5,83.2,57.415,86.73,152.82,96.03,63.91,59.81,39.28,22.4,46.3,12.88,46.63,61.31,53.89,32.82,58.72
2015-03-27,123.25,163.5,46.78,57.65,70.31,93.94,22.76,73.31,2.72,151.39,12.48,213.92,63.55,41.11,152.75,71.29,65.59,51.55,97.4,180.59,54.04,61.23,303.56,295.75,61.64,70.05,557.55,548.34,50.34,370.56,41.39,52.66,55.9,77.97,54.03,96.04,54.1,129.05,113.19,51.81,162.59,57.64,82.19,58.84,86.79,156.27,95.87,64.84,59.41,39.38,22.83,46.46,12.7,46.8,60.93,54.61,32.75,58.72
2015-03-30,126.37,166.05,47.08,58.24,73.47,94.42,23.02,73.6,2.7,152.08,12.74,216.61,64.2,41.72,153.8,71.9,66.2,52.43,98.89,180.26,54.595,61.91,304.76,300.0,62.58,70.95,561.135,552.03,50.53,374.59,42.08,53.64,56.58,78.05,54.68,96.16,54.31,131.02,113.49,52.97,164.305,58.77,83.85,64.81,88.12,156.85,98.1,65.76,60.83,39.87,22.77,47.42,12.96,47.41,61.61,55.38,32.97,59.3
2015-03-31,124.43,164.95,46.33,58.54,71.58,93.69,22.725,73.94,2.68,149.69,12.85,214.78,64.01,41.55,151.28,71.045,66.18,52.84,98.04,173.3,53.785,61.17,297.62,296.25,63.0,71.17,554.7,548.0,50.02,372.1,42.2,52.78,56.25,78.12,54.79,94.15,54.21,130.84,113.67,52.54,159.85,58.93,82.81,63.0,88.19,154.41,96.12,65.66,60.33,39.36,22.56,47.4,12.92,46.75,61.41,55.3,32.65,58.64
2015-04-01,124.25,162.52,45.89,57.1,69.92,93.56,22.43,75.07,2.69,143.75,12.83,214.49,63.57,41.39,150.09,70.31,64.0,52.57,96.78,169.5,52.45,61.08,296.43,294.58,62.85,71.29,549.49,542.56,50.3,370.255,42.37,50.44,56.37,78.93,54.81,96.46,54.46,130.46,112.03,52.28,157.1,58.28,83.86,62.57,88.13,153.99,96.23,65.24,60.63,38.94,22.39,47.43,13.0,46.73,61.16,55.82,32.89,58.74
2015-04-02,125.32,162.8,46.13,57.01,70.72,94.18,22.64,75.68,2.69,143.98,12.84,214.24,63.58,42.05,151.04,70.84,63.07,52.89,96.94,169.94,52.75,61.45,298.37,293.68,62.91,71.45,541.31,535.53,51.19,372.25,42.29,49.175,56.46,79.7,55.14,96.78,54.89,130.19,112.39,52.4,155.88,58.8,84.55,62.24,86.99,153.95,96.63,65.36,61.44,38.96,22.27,47.35,13.14,46.86,61.41,55.95,33.13,59.82
2015-04-06,127.35,165.48,46.3,57.61,70.87,95.69,22.67,76.23,2.7,145.73,13.33,215.14,63.97,41.93,152.09,70.92,62.4,55.0,97.64,170.63,53.07,61.65,297.84,296.7,63.65,72.12,543.95,536.765,51.49,377.04,42.44,48.08,57.1,79.63,55.42,98.04,55.18,129.43,112.54,52.92,155.28,58.97,85.86,62.78,89.3,155.43,97.83,65.6,64.84,39.27,22.16,48.33,13.36,47.13,61.33,56.41,33.33,59.71
2015-04-07,126.01,166.21,46.19,58.42,69.73,96.39,22.77,75.65,2.7,146.71,13.14,214.17,63.79,42.44,151.18,71.08,62.76,55.25,95.75,176.0,52.55,61.57,295.56,298.24,62.6,71.47,544.86,537.02,51.7,374.41,41.8,47.495,56.37,78.33,54.98,96.87,54.68,128.16,112.68,53.04,157.28,58.84,85.44,63.24,88.875,155.19,97.32,64.81,65.44,38.78,21.985,48.16,13.43,46.83,61.15,55.54,33.16,60.685
2015-04-08,125.6,166.27,46.61,58.81,69.63,95.12,22.96,75.44,2.71,148.81,13.12,215.74,64.24,42.26,150.97,71.79,64.81,55.88,96.11,178.24,52.72,61.69,294.78,299.0,62.52,71.58,548.84,541.61,51.62,381.2,41.72,48.74,55.98,78.69,55.45,96.53,54.16,128.72,113.24,53.2,160.33,59.21,86.12,63.67,88.66,154.64,98.64,64.98,65.25,38.86,22.38,48.33,13.67,47.34,61.7,55.39,32.65,61.825
2015-04-09,126.56,166.79,47.0,60.32,69.8,95.47,23.0,76.33,2.72,148.05,13.05,218.7,64.53,42.49,152.05,71.26,64.15,59.01,94.27,177.37,52.72,61.44,292.27,299.4,62.51,71.9,548.02,540.78,51.86,383.54,41.65,47.84,55.79,79.16,56.29,95.34,53.87,125.28,113.5,53.4,161.49,59.3,88.9,64.03,88.28,153.49,98.42,64.74,66.47,37.87,22.51,47.9,13.21,47.37,61.8,55.03,32.69,62.81
2015-04-10,127.1,167.07,47.15,62.0,69.35,94.69,22.925,76.53,2.76,150.2,13.2,217.7,64.52,43.55,151.92,71.45,63.94,58.75,95.01,182.68,54.29,61.24,294.79,300.82,63.14,72.03,548.54,540.01,52.51,382.65,42.12,47.73,56.39,79.59,56.59,95.07,54.18,124.53,115.35,53.52,163.38,59.54,90.1,64.235,88.56,153.92,98.25,64.98,67.84,37.83,22.5,47.96,13.15,47.65,61.79,55.37,32.77,62.74
2015-04-13,126.85,165.84,46.53,61.2,67.99,93.49,22.79,76.02,2.78,149.18,12.97,219.1,64.37,43.04,150.58,71.34,63.33,58.38,94.42,182.9,53.82,60.28,294.06,300.7,62.74,71.98,548.64,539.17,51.77,382.36,41.57,47.79,55.67,79.27,57.46,94.78,53.69,126.63,113.99,52.89,162.49,59.01,88.68,63.75,87.53,153.51,98.62,64.48,67.51,37.74,22.33,47.88,13.29,47.71,62.2,54.55,32.88,61.77
2015-04-14,126.3,165.99,46.7,61.72,67.49,93.81,22.92,75.95,2.67,149.05,13.27,219.86,64.56,43.07,151.84,71.145,62.53,58.97,93.58,182.72,53.15,59.97,298.16,301.07,63.01,71.5,539.78,530.39,52.12,385.11,41.79,47.42,56.1,79.49,57.5,94.5,54.01,128.27,114.0,52.99,162.57,58.93,90.83,62.57,86.95,154.25,98.58,65.67,69.81,38.05,22.195,48.01,13.37,47.94,61.58,54.88,32.69,62.01
2015-04-15,126.78,166.44,46.83,62.03,67.45,94.16,22.9,76.03,2.7,149.58,13.35,219.51,64.72,43.38,152.35,71.34,62.02,59.31,93.11,183.83,52.86,60.49,298.92,302.2,62.81,71.94,541.04,532.53,51.61,383.45,41.75,47.75,56.36,79.75,58.27,95.17,53.93,128.92,113.62,53.31,165.47,59.22,94.54,63.925,87.4,151.3,98.48,65.71,71.4,37.37,22.55,48.4,13.34,47.78,61.5,54.77,32.89,61.505
2015-04-16,126.17,165.89,46.52,62.59,68.3,94.06,23.185,75.15,2.87,150.0,13.28,219.93,64.48,43.13,151.59,72.49,63.5,58.74,93.16,184.28,52.77,60.16,296.45,299.93,62.37,72.04,543.52,533.8,52.05,386.04,41.32,48.24,55.85,80.91,58.16,96.76,53.87,130.77,113.83,52.81,166.87,58.76,93.94,64.105,87.78,154.93,97.62,65.28,70.81,37.65,21.88,48.3,13.45,47.98,61.75,54.27,32.75,61.66
2015-04-17,124.75,161.71,46.25,62.29,67.29,92.39,22.805,73.15,2.575,149.8,13.16,218.02,63.98,42.98,149.85,71.9,62.97,59.05,92.88,181.34,53.375,59.1,297.05,294.67,62.15,70.87,532.74,524.05,51.75,375.56,41.13,48.19,55.73,77.32,57.43,96.1,53.6,129.19,112.61,51.71,163.58,57.96,93.68,63.42,86.33,152.48,96.17,64.38,70.38,37.46,21.49,48.28,13.46,47.66,60.92,54.03,32.51,60.35
2015-04-20,127.6,164.51,46.63,63.54,69.33,93.27,23.075,73.92,2.49,152.4,13.24,220.0,64.45,43.19,151.37,73.46,63.4,59.19,93.01,185.71,54.205,59.31,295.37,299.62,63.08,71.35,544.53,535.38,52.63,389.51,41.65,49.76,56.63,77.23,57.51,95.84,54.12,130.55,113.19,52.06,165.97,58.44,93.66,63.72,86.51,152.87,97.4,65.03,70.67,37.6,21.76,48.3,13.58,47.91,61.25,54.84,32.83,61.04
2015-04-21,126.91,164.0,47.12,63.61,69.71,93.0,23.39,74.62,2.35,152.4,13.33,220.24,63.86,42.89,151.93,75.3,64.93,58.75,93.78,186.78,56.15,59.81,294.53,304.86,62.6,70.82,542.925,533.97,52.1,391.18,41.55,51.36,55.97,77.28,56.64,94.98,53.88,130.33,113.89,52.07,168.46,58.16,92.56,64.37,86.68,152.88,97.1,65.42,68.37,37.93,22.29,47.94,13.52,47.66,60.36,54.64,32.66,61.61
2015-04-22,128.62,164.67,48.35,64.52,69.31,93.38,23.49,75.5,2.28,151.51,13.56,221.04,64.07,42.71,151.47,76.02,64.31,58.94,93.54,188.19,55.94,60.36,295.22,308.33,62.75,70.88,549.18,539.365,52.12,389.8,41.68,51.4,56.14,78.44,56.58,95.92,54.26,131.62,113.81,52.35,169.1,56.81,93.04,64.49,87.02,152.84,97.2,65.83,67.8,38.63,22.31,48.1,13.57,47.71,60.61,54.54,32.86,62.13
2015-04-23,129.67,159.66,48.46,64.25,69.57,93.84,23.745,76.52,2.33,146.69,13.31,222.18,64.17,42.62,150.6,76.27,66.34,58.95,94.01,184.58,56.01,59.74,298.36,309.91,62.88,70.81,557.46,547.0,52.35,389.99,41.91,51.45,56.9,78.15,56.75,96.04,54.63,127.17,115.2,52.69,169.17,56.7,93.46,63.59,88.07,154.2,97.41,65.65,68.35,38.64,22.17,48.27,13.19,47.76,60.5,55.29,34.23,62.75
2015-04-24,130.28,158.99,48.32,66.07,68.83,93.4,23.94,76.54,2.3,148.61,13.46,222.35,64.19,42.49,150.06,75.74,68.3,59.0,94.26,180.08,59.18,60.96,295.41,307.44,63.33,70.95,573.66,565.06,52.07,445.1,42.32,52.705,57.88,77.99,56.99,95.32,55.45,127.75,115.48,52.33,167.91,56.17,92.65,62.53,87.46,154.28,97.84,66.59,66.32,38.68,21.8,48.21,13.22,49.06,60.09,55.68,34.01,62.64
2015-04-27,132.65,157.98,47.49,65.02,66.0,93.76,23.72,76.55,2.34,144.99,13.25,222.69,64.02,41.98,151.06,77.04,67.4,58.52,93.61,174.75,58.59,60.59,285.19,304.69,62.31,70.31,566.12,555.37,51.4,438.56,41.92,51.87,57.71,77.49,57.0,95.19,54.61,126.69,114.11,52.25,162.38,56.22,93.16,62.67,86.91,151.02,97.92,66.07,66.72,39.22,19.97,48.61,13.45,48.53,59.86,55.36,34.09,60.6
2015-04-28,130.56,158.33,47.59,66.49,66.93,94.42,23.47,76.02,2.31,144.5,13.39,228.02,64.42,42.18,152.96,76.07,66.47,59.45,93.96,171.08,59.45,60.81,288.1,302.38,62.22,70.69,564.37,553.68,51.71,429.31,42.3,51.19,58.08,77.49,56.8,95.76,55.04,127.14,113.96,52.31,162.49,55.99,93.66,63.22,86.69,154.22,98.06,65.0,66.79,38.97,20.04,48.78,13.48,48.67,60.69,55.77,34.86,60.66
2015-04-29,128.64,156.97,47.17,65.63,65.49,93.65,23.19,76.65,2.28,144.66,13.45,225.4,63.86,41.96,151.87,75.13,65.34,60.25,92.05,173.61,60.18,60.55,288.23,300.63,61.76,70.25,561.39,549.08,50.2,429.37,41.84,48.88,57.79,77.16,56.65,93.51,55.05,127.49,112.44,52.4,160.98,55.79,93.9,62.82,86.85,151.07,97.88,64.27,68.56,38.32,20.01,48.95,13.6,48.55,62.17,55.54,34.76,59.54
2015-04-30,125.15,156.39,46.42,64.66,63.22,92.65,22.815,76.06,2.26,143.0,13.25,226.13,63.04,41.37,143.43,73.78,64.06,59.7,92.38,169.23,58.84,61.15,282.86,297.31,60.47,69.66,548.77,537.34,50.05,421.78,40.94,48.285,56.87,77.45,56.29,94.53,54.52,125.28,114.3,52.42,157.91,55.37,94.1,61.84,85.84,150.93,96.23,63.9,68.4,37.73,19.79,48.88,13.42,47.83,61.46,54.0,34.64,56.83
2015-05-01,128.95,157.68,46.69,64.32,63.79,93.36,23.05,76.43,2.31,145.34,13.27,226.45,63.11,41.83,146.6,74.66,65.3,60.44,93.38,172.5,59.18,61.45,289.74,298.59,61.01,69.95,551.16,537.9,50.66,422.87,41.2,49.39,57.03,77.68,57.74,93.48,54.3,125.41,114.61,52.73,160.36,56.49,93.92,63.27,86.49,153.23,98.42,65.56,68.48,38.27,19.98,49.78,14.15,47.92,61.92,54.31,34.42,57.585
2015-05-04,128.7,159.02,47.0,64.68,65.14,94.44,23.19,75.85,2.31,145.45,13.64,226.79,63.52,41.94,147.58,75.1,64.53,60.12,93.29,171.3,60.35,62.25,289.81,300.56,61.87,69.82,552.84,540.78,50.68,423.04,41.59,48.95,57.36,78.28,58.2,94.64,54.62,125.99,115.25,53.28,162.11,56.83,93.73,63.25,87.49,155.84,98.8,66.03,68.55,38.65,19.88,50.32,14.01,47.71,62.47,54.27,34.53,57.755
2015-05-05,125.8,157.91,46.85,63.86,75.47,93.65,22.71,75.0,2.28,143.99,13.48,223.71,63.73,41.59,145.41,75.36,62.97,60.0,90.93,168.55,59.51,61.5,285.75,300.69,60.44,70.0,543.045,530.8,50.35,421.19,40.59,47.005,55.9,77.84,58.0,93.0,53.46,124.62,114.7,52.88,159.44,55.92,89.32,61.765,87.24,154.2,97.69,65.72,67.94,37.43,19.36,50.35,13.82,47.19,62.9,52.5,33.72,56.74
2015-05-06,125.01,157.64,46.54,63.94,73.84,93.0,23.2,74.48,2.29,144.09,13.45,220.92,63.54,41.59,145.55,75.04,63.24,60.0,90.51,155.01,58.91,61.28,283.31,296.66,60.19,67.31,535.08,524.22,50.68,419.1,40.37,47.045,54.96,77.85,58.15,92.86,53.06,123.49,114.06,52.27,158.95,55.7,89.66,61.64,84.32,159.85,97.38,66.02,67.34,37.8,19.445,49.94,13.7,47.5,64.54,52.63,33.38,56.19
2015-05-07,125.26,158.61,46.5,64.7,69.72,94.49,24.41,74.73,2.32,144.53,13.54,221.54,63.75,41.8,146.19,75.24,64.96,62.83,91.96,162.96,58.87,61.49,287.3,298.11,60.29,67.72,542.04,530.7,51.24,426.88,40.4,49.06,55.26,78.43,58.97,93.63,52.99,124.56,114.07,52.29,157.9,55.75,88.77,62.04,86.22,155.8,97.91,67.08,65.08,38.4,19.56,50.32,13.71,47.74,64.66,53.47,33.37,56.35
2015-05-08,127.62,160.6,47.57,65.24,67.37,95.89,25.045,76.31,2.31,144.76,13.66,223.47,64.22,42.5,147.97,76.43,66.27,63.16,93.66,163.02,59.71,62.38,292.82,303.3,60.26,67.27,548.95,538.22,52.17,433.69,40.39,49.04,55.8,78.98,59.67,94.95,52.98,126.35,115.3,52.91,162.34,56.81,88.56,62.72,86.69,158.4,99.89,68.16,65.54,39.1,19.69,51.25,13.82,47.86,64.66,53.91,33.69,57.265
2015-05-11,126.32,159.9,47.33,65.2,66.56,96.01,24.64,76.785,2.32,145.51,13.68,223.04,63.89,42.62,146.01,76.1,66.33,63.25,91.5,161.04,59.35,63.18,301.74,301.38,60.09,66.87,545.78,535.7,51.34,432.85,40.3,49.645,55.43,79.7,59.2,93.65,52.72,125.42,114.91,52.87,161.05,57.15,86.32,62.64,86.38,158.81,100.19,68.18,63.13,38.1,19.92,51.6,13.65,47.83,64.89,53.61,33.49,57.45
2015-05-12,125.865,160.07,47.13,64.81,68.56,95.42,24.61,76.57,2.35,147.13,13.71,221.0,63.37,41.91,144.48,75.97,65.18,62.68,92.64,161.08,58.64,61.78,296.79,296.67,59.9,66.91,538.73,529.04,51.15,431.02,40.26,48.85,54.95,79.08,58.76,93.6,52.46,124.73,115.05,53.29,158.24,56.77,86.19,62.08,86.905,158.47,99.11,68.22,63.64,38.11,19.89,51.92,13.55,47.79,64.32,52.94,33.66,56.8
2015-05-13,126.01,161.31,47.03,65.3,66.25,95.68,24.63,77.08,2.37,149.38,13.36,220.96,63.6,41.81,144.95,76.12,64.71,62.54,91.4,159.41,58.75,61.74,295.69,297.74,59.47,66.99,539.49,529.62,51.0,426.87,39.83,48.49,54.28,79.86,58.74,92.94,52.23,126.5,114.3,54.34,158.39,56.95,85.11,62.24,88.2,158.79,98.63,68.98,62.7,37.28,19.93,52.16,13.63,48.29,64.06,52.5,33.9,58.69
2015-05-14,128.95,163.15,48.67,65.97,68.31,96.98,25.17,79.43,2.33,149.86,13.54,223.37,63.77,42.05,147.62,78.36,66.13,63.63,93.31,161.69,59.31,61.87,297.46,298.8,60.27,67.64,549.2,538.4,52.6,432.28,40.26,48.815,55.1,80.75,58.97,94.81,52.99,128.3,114.66,55.22,161.98,58.08,84.49,63.4,90.48,160.0,99.98,69.49,62.63,37.9,19.86,52.88,13.64,48.36,64.92,53.4,34.13,58.98
2015-05-15,128.77,163.3,48.71,65.99,67.45,97.02,25.42,78.92,2.32,151.62,13.7,222.4,63.67,42.04,148.48,77.96,66.5,64.38,94.31,160.56,59.28,61.79,296.6,297.48,61.0,67.6,546.49,533.85,52.82,426.0,40.54,48.665,55.6,80.22,58.36,95.51,53.65,128.0,114.18,55.38,162.36,57.78,84.67,63.175,89.7,161.37,99.55,69.76,63.42,38.35,20.2,53.04,13.54,48.02,65.25,53.84,34.33,58.8
2015-05-18,130.19,162.87,48.84,65.61,68.66,97.46,25.42,79.41,2.35,151.88,13.74,224.8,63.93,42.63,147.93,77.94,67.58,63.26,94.53,163.16,59.86,61.89,295.76,300.48,61.23,68.09,546.67,532.3,51.95,425.24,40.78,49.0,55.88,80.17,58.89,95.2,53.86,128.97,113.31,55.38,163.44,58.16,84.98,63.36,90.32,163.25,101.05,69.85,63.78,37.81,20.19,53.13,13.4,48.35,66.14,54.37,34.87,58.4
2015-05-19,130.07,163.12,49.01,65.73,68.01,97.18,25.48,79.62,2.28,152.94,13.62,224.34,64.25,42.37,147.51,77.3,66.99,62.7,94.53,161.96,59.24,61.83,298.43,300.91,61.26,68.75,549.28,537.36,51.78,421.71,40.74,47.85,55.8,81.36,59.41,95.45,53.66,128.97,115.11,54.96,163.56,58.06,83.56,63.45,90.11,164.44,101.43,70.13,62.17,37.89,19.99,52.52,13.08,48.7,66.4,54.29,34.37,57.52
2015-05-20,130.06,161.9,49.14,65.89,66.85,97.05,25.75,79.61,2.32,149.9,13.63,225.71,64.71,42.61,147.12,76.91,63.96,62.54,94.63,164.44,59.22,61.54,297.5,300.0,61.4,68.73,552.51,539.27,51.8,423.86,40.92,43.06,55.92,80.96,59.96,94.32,53.44,128.46,114.71,54.94,163.98,58.27,83.4,66.18,90.51,163.57,102.21,69.99,61.61,37.96,19.91,52.43,13.07,49.5,66.5,54.28,34.62,57.58
2015-05-21,131.39,162.06,49.34,65.65,65.07,96.83,25.62,80.56,2.28,157.5,13.78,225.46,62.89,42.32,147.99,77.64,64.69,62.71,93.74,168.57,59.38,61.4,301.22,297.2,61.33,68.1,556.81,542.51,51.64,431.63,40.67,42.47,55.81,80.76,60.22,93.9,53.39,128.29,113.94,54.95,163.84,57.97,85.6,65.49,90.22,164.62,102.36,69.71,62.17,37.78,20.15,52.92,13.0,49.18,66.46,53.59,35.07,57.51
2015-05-22,132.54,160.98,49.03,65.48,63.45,96.39,25.49,80.04,2.28,160.2,13.7,224.88,62.71,42.5,146.77,77.66,64.4,61.87,93.48,171.94,59.29,61.26,301.35,300.31,61.21,67.6,554.52,540.11,51.23,427.63,40.65,42.61,55.65,81.25,59.88,94.35,52.91,128.27,113.8,54.75,163.58,57.93,86.17,67.095,90.03,164.19,102.89,70.3,62.53,37.96,20.14,52.67,12.94,49.22,66.3,53.5,34.71,56.39
2015-05-26,129.62,159.59,48.6,66.1,60.74,96.09,25.41,79.365,2.22,158.0,13.42,222.63,61.74,42.06,146.04,76.925,62.37,61.16,93.33,165.94,59.27,60.89,300.07,297.75,60.68,67.38,547.19,532.32,51.28,425.47,40.32,41.555,55.33,80.19,59.23,94.61,52.82,126.81,113.0,53.9,159.01,57.18,84.18,66.85,89.12,162.34,102.15,70.29,61.41,37.62,19.99,52.15,12.76,49.09,65.68,53.2,34.67,55.085
2015-05-27,132.045,161.02,49.01,67.38,61.85,96.77,25.71,80.16,2.28,157.22,13.44,224.85,62.46,42.61,147.54,77.74,63.4,61.32,94.48,168.12,59.7,61.82,306.79,302.28,61.26,67.61,554.25,539.79,51.83,431.42,40.39,42.24,56.06,80.11,59.39,95.16,53.21,126.88,113.59,54.37,160.44,57.65,84.15,68.29,89.83,163.38,102.97,71.37,60.77,38.16,20.34,53.17,12.79,49.09,65.88,53.41,34.95,55.49
2015-05-28,131.78,160.87,49.26,67.47,60.57,96.91,25.725,80.015,2.27,156.35,13.33,225.04,62.56,41.75,148.2,77.03,63.74,60.59,94.43,166.19,61.18,61.94,313.08,300.07,61.46,67.8,554.18,539.78,51.62,426.57,40.44,41.97,56.1,80.09,59.45,94.6,52.71,127.01,113.1,54.17,157.35,57.63,83.92,68.31,89.71,164.22,102.9,71.61,59.79,38.24,20.36,52.66,12.68,48.8,65.86,53.99,34.8,54.55
2015-05-29,130.28,159.08,48.6,66.59,59.72,96.04,25.26,79.09,2.28,153.22,13.6,223.66,62.22,41.19,146.76,76.27,64.64,60.15,92.73,163.84,60.67,62.44,306.81,298.03,61.3,67.32,545.32,532.11,51.2,429.23,40.23,42.37,56.29,79.72,58.61,92.79,52.87,124.59,112.56,53.76,156.26,57.05,83.61,67.96,89.0,167.85,101.22,71.38,59.84,37.93,20.13,52.85,12.5,48.45,65.85,54.02,34.54,54.15
2015-06-01,130.535,158.98,48.94,66.93,60.34,96.19,25.395,79.87,2.25,153.32,13.64,223.09,62.1,40.92,147.45,75.23,66.09,59.85,93.6,164.78,61.74,62.04,309.16,297.14,61.39,66.92,549.21,533.99,51.2,430.92,40.22,44.18,56.01,79.47,58.68,94.23,52.85,124.59,113.26,53.7,157.03,57.2,83.84,68.75,89.41,168.07,100.91,71.82,58.87,38.61,20.31,53.03,12.42,48.55,65.62,54.09,34.35,54.39
2015-06-02,129.96,159.08,48.94,66.62,59.66,96.33,25.53,79.82,2.3,155.36,13.45,224.74,62.26,41.11,148.15,75.46,65.72,60.66,92.92,163.91,62.37,62.39,305.71,298.22,60.52,67.13,553.95,539.18,50.63,430.99,39.62,43.775,55.17,79.99,59.68,94.15,52.28,126.08,112.48,54.04,156.44,57.66,84.79,67.71,89.53,164.14,101.2,71.18,59.6,38.06,20.375,52.76,12.62,48.36,65.74,53.2,34.36,54.35
2015-06-03,130.12,160.16,48.86,67.01,62.05,96.98,25.96,80.13,2.28,156.53,13.15,226.07,62.51,41.1,148.34,76.02,65.86,61.45,91.48,161.53,63.4,62.81,306.42,299.0,59.61,67.72,555.29,540.31,50.35,436.59,39.31,43.13,54.38,80.6,61.11,92.68,51.68,127.36,112.38,54.12,157.13,57.88,83.92,67.29,91.02,163.76,101.91,72.3,58.95,37.23,20.36,52.46,12.61,48.25,66.4,52.67,35.03,54.94
2015-06-04,129.36,158.35,48.68,67.42,63.31,95.93,25.685,78.75,2.33,156.6,13.02,223.02,62.11,40.54,145.93,75.14,65.51,61.27,91.63,159.06,62.79,61.83,303.38,295.19,59.06,67.05,551.69,536.7,49.88,430.78,39.09,42.17,54.29,79.36,60.61,94.67,51.72,125.33,111.49,53.3,158.09,56.95,83.4,66.94,89.64,161.45,100.81,71.46,58.25,37.2,20.06,51.39,12.5,47.86,65.56,52.35,35.27,53.73
2015-06-05,128.65,157.08,48.45,67.4,63.82,95.4,25.77,78.86,2.33,157.39,13.15,222.15,61.81,40.31,145.58,75.24,65.66,61.13,89.98,160.26,62.91,61.9,302.3,295.42,58.29,66.48,549.53,533.33,48.21,426.95,38.37,41.72,53.44,79.39,60.5,92.52,50.79,126.61,111.5,53.88,157.25,57.14,84.49,67.37,90.12,162.82,100.97,71.47,59.35,37.08,20.15,51.01,12.42,47.89,65.92,51.44,34.57,54.61
2015-06-08,127.8,156.59,48.44,67.79,63.1,94.77,25.44,78.16,2.31,157.31,13.08,220.21,61.62,39.95,144.54,74.89,62.53,60.69,90.62,159.38,61.99,61.4,298.66,295.51,58.04,65.82,543.48,526.83,48.32,423.5,37.93,39.86,53.46,78.81,59.66,92.83,51.08,126.13,110.22,53.99,156.47,56.86,82.96,65.95,88.82,161.89,100.47,70.53,58.21,37.02,19.87,51.01,12.25,47.7,65.55,51.4,34.59,54.24
2015-06-09,127.42,156.98,48.18,67.67,61.51,94.94,25.52,77.9,2.29,157.42,13.51,218.48,61.67,40.12,144.43,72.9,60.65,60.6,89.9,159.04,61.58,60.95,296.87,293.53,57.81,65.71,542.16,526.69,48.56,425.48,37.87,40.325,53.46,79.17,59.99,92.07,51.0,126.33,109.12,53.74,154.8,56.69,83.22,65.69,88.8,162.59,100.61,70.45,58.57,36.8,19.91,51.01,12.19,47.5,65.82,51.37,34.51,53.92
2015-06-10,128.88,159.04,48.5,68.24,63.0,96.52,25.5,79.56,2.32,160.27,13.32,223.86,62.52,40.52,145.94,74.61,60.76,61.17,90.29,169.88,62.52,61.62,301.29,299.71,58.04,66.91,552.6,536.69,49.22,430.77,37.81,40.43,53.89,80.19,61.68,92.7,50.76,129.86,108.75,54.52,155.55,57.39,84.61,67.72,90.51,164.37,102.39,71.04,58.96,36.94,20.04,52.21,12.17,48.08,67.55,51.55,34.72,54.97
2015-06-11,128.59,159.86,49.06,68.04,63.44,96.92,25.3,79.65,2.32,160.53,13.52,224.15,62.99,40.53,146.2,74.05,61.82,61.46,91.9,168.77,62.96,61.65,301.92,300.63,58.79,67.49,550.04,534.61,48.33,432.97,38.3,40.02,54.31,80.3,61.99,93.42,50.93,129.63,110.41,54.82,157.96,57.5,83.93,67.22,91.8,163.97,103.19,72.94,58.15,37.5,19.78,52.06,12.09,48.64,67.04,51.95,34.88,54.48
2015-06-12,127.17,158.04,48.67,67.05,63.65,96.1,25.4,79.86,2.31,161.21,13.35,221.65,62.57,39.84,144.95,73.44,63.5,59.78,91.21,169.04,63.02,61.1,298.98,301.55,58.12,67.37,547.47,532.33,48.04,429.92,37.77,40.705,53.93,79.53,61.89,93.2,50.5,128.33,110.15,54.76,156.12,57.69,83.12,66.26,90.88,160.71,102.23,73.19,58.18,37.18,19.62,51.91,12.06,48.51,66.82,51.48,34.65,54.06
2015-06-15,126.92,155.87,48.07,66.91,65.02,95.79,24.54,78.9,2.32,158.32,13.44,221.23,62.05,39.52,144.13,72.5,62.66,57.92,91.22,173.22,63.22,60.86,301.35,299.46,57.87,66.67,543.0,527.2,47.54,423.67,37.73,40.07,53.65,79.25,62.57,92.26,49.72,127.89,110.63,54.08,156.1,56.99,82.67,66.7,88.77,164.46,102.56,72.78,57.97,36.92,19.71,51.27,12.0,48.58,66.6,51.44,34.41,53.56
2015-06-16,127.6,156.49,48.48,66.77,65.71,96.7,24.74,79.94,2.35,159.05,13.58,223.82,62.45,39.79,145.71,72.85,62.28,57.98,91.83,177.14,64.29,60.61,298.02,297.42,58.28,67.33,544.87,528.15,48.02,427.26,37.81,39.48,53.73,79.36,61.98,93.26,49.35,128.47,111.18,54.3,156.23,57.15,83.61,66.63,89.87,166.85,103.36,73.23,59.05,37.58,19.82,51.45,12.02,49.08,67.71,51.94,34.67,53.435
2015-06-17,127.3,156.95,48.57,67.77,65.65,96.93,24.87,77.91,2.47,158.99,13.67,223.31,62.47,39.6,146.17,72.81,62.03,58.45,92.7,179.81,62.29,61.17,298.79,297.7,58.59,67.18,546.6,529.26,48.56,427.81,38.09,39.88,54.06,80.32,61.86,94.12,49.57,128.35,111.51,54.41,155.65,57.03,83.03,67.23,89.87,165.16,103.72,73.36,57.67,37.89,19.54,50.94,11.96,49.33,67.57,52.12,34.8,53.575
2015-06-18,127.88,159.62,49.94,68.98,67.16,97.31,25.14,79.39,2.52,160.25,13.85,225.04,63.09,39.9,146.94,73.27,63.99,59.64,93.3,184.01,62.15,61.41,302.47,301.27,59.43,68.35,556.18,536.73,49.46,439.39,38.54,39.975,54.83,80.77,62.29,96.18,50.45,129.48,111.92,55.1,160.12,58.2,82.89,68.3,90.72,165.24,104.52,73.67,57.23,38.47,19.84,51.37,11.92,49.22,68.61,52.89,35.02,54.165
2015-06-19,126.6,158.95,49.89,69.48,67.73,97.02,25.01,79.7,2.58,160.5,13.85,225.13,62.56,39.49,145.17,72.29,64.65,58.6,93.23,184.4,63.24,61.67,302.37,302.71,59.14,66.45,557.52,536.69,49.32,434.92,38.26,41.56,54.47,80.19,61.83,95.97,50.31,127.84,111.47,54.57,160.72,57.69,81.82,67.91,90.92,165.06,102.99,73.65,56.54,38.15,19.72,51.5,11.93,49.03,68.56,52.7,34.99,53.57
2015-06-22,127.61,159.68,50.03,70.12,68.36,98.59,25.23,82.28,2.62,163.26,13.94,227.9,62.83,39.81,145.85,73.01,66.22,59.01,92.5,188.24,63.31,62.08,307.25,305.5,59.05,66.28,559.68,538.19,49.79,436.29,38.31,43.03,54.24,81.25,62.58,95.79,50.28,129.35,111.79,54.75,162.22,57.93,81.97,68.02,91.8,171.04,103.69,73.94,57.53,38.05,19.86,51.99,11.76,49.04,68.49,52.75,35.04,54.55
2015-06-23,127.03,159.84,49.88,70.02,67.4,98.25,25.42,83.55,2.61,163.89,13.71,227.92,62.85,39.6,144.87,72.23,66.52,58.96,91.62,190.92,62.98,62.08,312.32,304.18,58.12,66.36,563.39,540.48,49.08,445.99,37.76,42.725,53.34,81.36,63.32,96.25,50.02,129.76,111.81,54.69,161.69,57.73,82.22,67.53,91.95,170.0,104.01,73.96,58.85,37.38,19.96,52.0,11.74,49.06,68.87,52.52,35.91,54.09
2015-06-24,128.11,157.54,49.5,69.22,66.65,97.77,25.44,83.4,2.62,163.42,13.64,226.42,62.48,40.19,143.72,71.325,66.2,57.64,90.19,184.98,61.12,62.05,308.66,303.39,57.68,65.95,558.57,537.84,48.97,440.84,37.78,42.24,52.96,80.74,62.92,95.08,49.7,128.38,109.6,54.07,159.89,56.79,81.45,66.84,91.09,167.97,103.54,73.09,58.71,37.18,20.1,51.45,11.74,48.67,68.4,51.95,35.78,53.91
2015-06-25,127.5,155.92,49.33,69.82,66.05,99.48,25.4,83.94,2.58,164.2,13.53,225.89,63.34,40.05,142.83,71.37,65.43,58.27,88.92,185.9,61.57,61.73,309.15,303.97,57.37,65.03,557.95,535.23,49.16,440.1,37.51,42.24,52.62,79.88,62.43,94.74,49.37,127.86,107.61,53.8,158.76,56.18,80.73,66.59,91.87,170.34,103.05,73.23,57.8,37.13,20.06,50.7,11.57,48.43,68.03,51.67,36.18,53.3
2015-06-26,126.75,157.09,49.97,70.46,66.75,99.0,25.04,82.74,2.47,164.28,13.46,226.76,63.69,40.02,142.08,71.13,64.75,59.1,88.67,184.45,62.63,61.63,306.6,302.95,57.84,65.83,553.06,531.69,49.48,438.1,37.73,41.44,52.91,79.88,62.73,94.24,49.7,128.42,107.84,55.11,158.02,55.68,81.36,65.8,92.19,164.68,102.75,73.42,58.48,37.3,19.78,49.57,11.69,48.17,68.37,51.75,36.12,52.2
2015-06-29,124.53,153.95,49.01,67.18,65.33,96.68,24.49,81.28,2.34,158.93,13.16,219.27,61.44,38.74,137.13,69.18,63.86,56.24,87.34,177.76,61.65,59.9,299.25,291.45,57.54,64.68,541.25,521.52,48.67,429.86,37.54,39.75,52.8,77.8,61.59,92.94,48.93,123.79,106.1,54.04,151.6,56.84,78.59,63.99,91.0,163.06,100.05,71.58,57.21,36.93,19.21,48.45,11.35,47.26,66.61,51.43,35.77,50.41
2015-06-30,125.425,154.3,49.08,67.19,65.73,96.78,24.21,81.01,2.4,159.29,13.26,218.6,62.2,38.58,136.83,69.82,64.43,55.27,87.46,180.77,62.71,60.14,303.46,291.94,57.72,64.87,540.04,520.51,48.91,434.09,37.68,39.935,52.97,77.72,61.82,93.29,48.63,124.93,106.34,54.78,153.52,57.97,78.06,64.185,91.24,164.14,99.68,71.98,57.63,36.93,19.22,48.22,11.15,47.3,67.0,51.28,35.52,50.075
2015-07-01,126.6,155.65,49.52,68.51,66.16,98.06,24.73,80.945,2.42,162.65,13.19,220.07,62.43,39.26,138.52,70.37,64.3,54.46,88.9,183.86,63.22,60.21,306.91,292.86,58.13,65.49,543.3,521.84,49.1,437.39,37.98,38.8,53.29,78.4,62.35,94.01,49.17,126.15,107.71,55.5,154.99,57.45,77.18,64.57,91.51,165.22,99.71,73.38,56.08,37.8,19.51,48.64,11.07,47.8,68.55,51.48,35.57,50.385
2015-07-02,126.44,155.38,49.41,68.21,65.21,97.33,24.63,80.75,2.53,162.11,13.3,219.25,61.96,39.58,137.38,69.91,65.01,55.03,88.86,185.22,63.29,59.77,307.51,295.72,59.01,64.99,547.34,523.4,48.99,437.71,38.5,39.03,54.23,78.21,62.08,94.91,49.85,125.23,107.1,55.55,153.26,56.99,76.78,64.38,91.41,163.14,99.51,72.76,56.78,38.03,19.61,48.65,11.1,47.58,68.61,52.17,35.73,50.83
2015-07-06,126.0,155.08,49.74,68.22,65.7,97.34,24.82,80.5,2.47,163.42,13.2,215.75,61.58,39.36,136.11,69.76,66.16,54.25,89.74,186.24,62.5,59.56,306.7,295.9,59.1,64.81,545.62,522.86,49.87,436.04,38.56,39.73,54.53,77.59,61.85,94.98,50.21,123.68,108.03,54.47,154.5,56.02,76.38,63.59,90.87,161.6,99.69,72.5,55.5,38.33,19.27,48.09,11.03,47.44,68.39,52.43,35.61,50.95
2015-07-07,125.69,155.43,50.21,68.56,65.68,98.68,25.05,80.59,2.09,163.53,13.24,215.65,61.77,39.79,136.92,70.11,67.44,54.25,91.01,187.33,63.5,59.65,307.0,298.96,60.78,65.74,550.03,525.02,51.68,436.72,39.6,40.675,56.08,77.55,62.21,95.63,51.08,123.83,108.63,54.83,155.39,55.89,77.92,63.38,91.51,160.33,100.18,70.33,55.7,39.08,19.17,48.14,11.06,47.5,69.54,53.83,35.77,53.29
2015-07-08,122.57,152.71,49.25,67.66,64.39,97.62,24.8,79.99,2.01,159.99,12.91,208.8,60.46,38.75,132.99,68.855,66.12,53.07,90.98,184.66,62.74,58.48,299.67,293.69,60.41,64.92,541.7,516.83,51.03,429.7,39.28,39.31,56.03,75.93,61.16,94.48,51.18,121.97,107.83,53.78,152.31,54.2,75.47,61.94,90.72,159.39,99.26,64.8,53.46,38.65,18.55,47.51,10.5,47.1,68.14,53.83,34.79,52.475
2015-07-09,120.07,153.75,49.19,67.97,65.72,97.75,25.125,80.47,1.98,162.07,13.01,210.63,60.66,38.92,132.26,69.3,66.54,53.44,90.08,188.16,62.2,59.19,304.1,295.44,59.59,65.41,544.65,520.68,50.95,434.39,38.68,39.67,55.52,76.34,61.76,94.39,50.18,123.09,108.86,54.31,151.31,54.29,76.08,60.89,91.4,158.58,100.15,65.35,53.83,38.63,18.52,47.09,10.59,47.32,69.0,52.94,34.39,52.46
2015-07-10,123.28,154.95,49.93,69.23,68.04,98.78,25.36,80.59,1.96,164.11,13.1,213.82,61.71,39.4,135.93,69.98,70.55,54.0,90.65,192.53,62.94,60.27,312.13,301.93,60.09,66.19,556.11,530.13,51.31,443.51,39.02,41.21,55.56,77.31,62.62,95.42,50.79,123.68,109.46,55.1,154.1,54.51,75.71,61.51,92.43,159.73,101.78,66.36,52.94,38.77,18.77,47.21,10.63,47.58,70.2,53.33,34.65,52.51
2015-07-13,125.66,156.47,49.72,69.57,67.91,100.55,25.885,81.44,1.96,169.31,13.05,216.52,61.42,39.96,136.49,71.67,72.25,55.38,90.86,199.11,63.61,60.99,318.35,304.16,60.27,67.25,571.73,546.55,51.33,455.57,38.91,42.42,55.34,78.53,63.38,95.7,50.99,125.45,110.07,55.93,155.76,55.38,75.7,61.87,93.05,156.45,102.03,67.52,53.26,38.66,19.31,47.5,10.82,47.86,71.27,53.53,34.88,52.84
2015-07-14,125.61,156.78,50.2,69.8,69.02,100.74,26.06,81.89,2.05,167.21,13.12,216.66,61.41,40.49,137.19,72.29,73.62,55.33,91.28,205.0,64.31,61.52,321.13,304.9,60.3,67.59,584.18,561.1,51.35,465.57,38.86,42.06,55.19,78.97,63.57,95.48,51.19,125.67,110.4,55.78,159.32,55.15,76.37,62.62,92.81,159.97,102.06,67.98,54.39,38.91,18.89,47.79,10.77,48.11,71.94,53.6,35.12,53.3
2015-07-15,126.82,156.0,49.31,69.75,67.55,99.95,25.765,82.12,1.96,168.47,13.18,216.73,61.79,40.13,137.5,72.06,73.72,54.27,91.48,203.8,64.63,60.89,320.13,300.03,60.4,68.06,583.96,560.22,51.23,461.19,38.99,41.54,55.68,78.54,64.03,95.95,51.25,125.93,110.53,55.04,160.45,55.0,75.2,62.92,92.71,159.6,101.86,67.96,53.48,39.08,18.57,47.46,10.57,47.95,73.11,53.69,34.73,52.58
2015-07-16,128.51,157.17,49.77,69.99,68.84,101.45,25.85,82.52,1.87,169.36,13.35,219.99,62.22,40.34,137.07,72.63,74.69,54.42,92.41,204.26,65.37,61.27,317.37,302.15,61.34,67.98,601.78,579.85,52.91,475.48,39.66,41.39,56.36,78.92,64.16,97.82,51.78,127.89,111.88,55.29,163.04,54.95,74.69,62.83,93.72,157.6,102.79,68.1,52.67,39.41,17.87,47.85,10.51,48.19,73.54,55.18,35.16,52.5
2015-07-17,129.62,156.69,49.9,69.99,72.33,100.48,25.81,82.1,1.79,169.7,13.21,218.8,61.59,39.95,136.21,72.72,74.77,53.01,91.82,204.3,64.93,61.39,316.21,302.37,60.47,67.59,699.62,672.93,53.22,483.01,39.39,41.4,55.72,79.22,64.05,96.95,51.31,127.63,113.2,54.86,163.27,54.32,73.88,62.46,92.96,158.59,102.41,68.12,50.64,39.45,17.77,48.02,10.49,48.22,72.72,54.16,35.01,52.19
2015-07-20,132.07,157.12,50.06,70.8,72.12,100.72,26.25,82.09,1.8,168.69,13.08,218.24,61.56,40.06,135.24,73.48,74.14,52.75,92.03,204.46,66.04,61.67,317.75,302.66,60.25,67.71,692.84,663.02,53.71,488.1,39.12,40.55,55.54,79.3,64.04,97.06,51.36,128.29,114.76,55.1,164.34,54.35,72.62,61.99,93.01,156.59,102.32,69.37,48.62,39.69,17.77,48.04,10.2,48.15,72.39,53.98,34.9,51.85
2015-07-21,130.75,155.76,49.76,70.54,75.58,100.39,26.09,81.19,1.8,167.53,12.94,217.9,61.8,39.57,133.44,72.55,74.95,52.09,92.16,204.88,65.16,60.82,317.0,299.57,59.63,67.7,695.35,662.3,53.55,488.0,38.7,40.9,54.89,78.95,64.0,96.95,50.76,127.64,114.1,54.69,163.7,54.09,73.37,62.08,91.53,155.78,102.13,68.37,47.53,39.82,17.83,47.49,10.23,47.86,72.7,53.6,34.57,52.12
2015-07-22,125.22,155.41,50.98,70.56,75.18,102.33,25.95,80.73,1.79,168.22,13.17,218.69,61.88,40.33,132.8,72.75,75.83,51.71,93.12,206.16,65.23,61.07,315.35,301.69,60.07,68.37,695.1,662.1,53.96,488.27,38.66,41.43,55.21,78.99,64.54,96.54,51.14,126.81,114.95,55.01,164.25,56.78,72.66,58.65,93.36,155.1,101.92,68.51,47.32,39.99,17.49,47.68,9.99,47.75,73.15,54.16,34.27,52.0
2015-07-23,125.16,149.5,51.2,70.52,73.19,102.42,25.94,80.64,1.76,168.39,12.94,216.25,61.86,40.25,132.71,73.51,73.79,51.32,91.87,207.84,65.59,61.08,314.95,284.34,59.17,68.36,674.73,644.28,53.82,482.18,38.27,42.61,54.59,77.01,64.14,98.0,50.44,126.21,110.12,55.15,164.1,56.26,72.54,60.05,93.49,155.21,101.57,72.34,47.35,39.79,17.72,48.02,9.96,47.67,72.7,53.56,33.93,52.345
2015-07-24,124.5,149.33,51.05,68.08,73.1,101.17,26.18,80.98,1.67,168.31,12.79,213.69,61.92,39.31,130.06,72.52,74.1,49.81,92.51,200.99,60.4,61.43,308.21,274.11,59.26,68.32,654.77,623.56,53.79,529.42,38.53,39.63,54.6,75.9,63.64,96.79,50.94,124.04,108.73,53.95,158.59,55.86,71.61,58.49,92.94,150.86,101.28,72.31,45.08,40.01,17.37,47.19,9.81,47.43,73.06,53.8,34.29,51.78
2015-07-27,122.77,148.71,50.69,69.34,72.72,100.39,25.61,79.93,1.62,168.34,12.93,210.16,61.53,39.61,128.82,71.63,73.02,49.81,92.64,198.1,60.98,61.2,326.98,267.0,60.25,68.4,658.27,627.26,53.95,531.41,39.02,40.14,55.74,74.92,63.24,96.48,51.61,122.96,107.37,52.01,165.54,54.75,69.99,57.89,91.31,151.5,101.03,69.97,44.51,39.99,17.38,47.26,9.62,47.35,72.63,54.29,34.32,51.05
2015-07-28,123.38,151.11,50.94,71.23,74.12,101.69,25.71,80.59,1.77,170.3,12.77,208.02,62.33,40.45,132.82,73.65,74.32,50.78,92.64,203.55,61.2,62.39,339.5,270.81,60.54,68.58,659.66,628.0,55.25,526.03,39.34,41.17,55.89,75.11,63.66,96.68,51.48,125.26,108.0,52.45,172.74,56.55,72.85,58.99,92.0,154.2,101.16,70.47,46.47,39.91,17.62,48.35,9.87,47.19,72.89,54.36,34.33,50.89
2015-07-29,122.99,151.45,51.06,70.77,75.62,102.45,25.98,80.25,1.96,173.06,12.83,210.41,64.54,40.4,134.14,73.21,74.78,51.91,93.59,198.76,62.6,63.75,337.99,272.85,60.42,69.04,661.43,631.93,54.4,529.0,39.65,40.73,55.94,75.7,64.54,96.32,51.71,126.72,107.78,53.34,171.47,57.05,76.28,58.79,92.99,155.27,101.88,70.95,46.79,39.63,17.55,48.13,10.16,47.9,74.1,54.68,34.69,50.09
2015-07-30,122.37,151.57,50.77,70.16,77.26,102.66,26.06,81.29,1.93,172.54,12.69,209.25,64.04,40.97,142.34,74.96,75.16,53.4,92.6,199.29,62.36,63.2,328.87,272.51,60.97,69.16,664.56,632.59,54.2,536.76,39.77,40.27,56.32,76.12,64.53,94.95,51.59,126.58,104.47,53.36,171.69,56.91,76.63,58.82,93.71,154.89,101.94,71.66,46.48,39.42,17.57,47.82,9.98,47.66,75.15,54.68,34.8,50.6
2015-07-31,121.3,151.34,50.69,70.01,77.46,103.11,25.79,81.99,1.93,174.21,12.8,207.9,64.05,40.95,142.51,76.71,75.75,54.2,92.71,197.44,62.7,63.22,331.15,275.04,61.51,68.95,657.5,625.61,54.38,536.15,41.08,40.1,56.57,76.06,64.12,95.11,51.91,125.67,105.75,53.05,176.59,56.41,74.35,58.33,94.15,154.27,100.77,71.82,45.86,39.08,17.36,47.42,9.87,47.43,74.6,55.3,34.74,50.58
2015-08-03,118.44,150.12,50.5,69.73,77.4,103.21,25.52,81.4,2.2,173.81,12.73,208.75,64.03,41.0,145.88,75.75,78.02,53.29,94.19,195.73,62.61,62.69,334.92,273.4,61.59,69.38,664.72,631.21,54.66,535.03,41.59,41.71,57.06,75.98,64.15,95.36,52.08,125.59,105.82,53.29,175.59,55.94,73.22,58.67,94.54,152.78,99.54,71.63,45.27,39.43,17.16,47.7,9.64,47.91,76.33,55.32,34.66,53.3
2015-08-04,114.64,150.4,50.51,69.95,88.8,103.42,25.67,82.06,2.13,175.1,12.56,211.02,63.93,40.62,146.09,75.61,77.77,53.63,93.36,197.15,61.44,62.63,331.0,275.8,60.8,62.34,661.28,629.25,54.92,531.9,41.01,42.74,56.39,75.72,62.34,96.12,51.23,125.14,106.21,53.71,174.8,55.6,74.3,58.48,95.23,152.5,100.2,71.71,45.35,39.37,16.83,48.41,9.73,47.84,76.06,54.66,34.58,54.15
2015-08-05,115.4,151.01,50.48,70.3,92.89,104.5,28.71,83.38,2.16,175.27,12.59,212.08,64.1,40.72,147.45,76.03,79.03,53.26,92.55,197.94,62.07,62.88,336.64,275.56,61.08,62.5,673.29,643.78,55.47,537.01,41.36,42.96,56.65,75.59,62.96,96.64,51.6,125.17,107.25,54.23,176.44,56.09,74.01,60.7,94.02,154.95,101.33,72.1,44.44,39.01,17.03,48.22,9.76,47.86,76.67,54.97,34.57,54.11
2015-08-06,115.13,149.26,50.32,69.24,94.32,103.1,28.71,82.19,2.11,172.74,12.6,209.63,63.68,40.12,147.02,74.42,77.75,51.77,92.22,189.73,60.94,62.29,319.47,269.47,60.63,61.97,670.15,642.68,55.57,529.46,41.69,42.18,56.26,75.0,63.02,98.36,51.77,123.7,104.75,55.04,169.66,55.74,76.15,58.87,92.96,152.44,100.92,71.05,46.6,39.14,16.85,47.95,9.91,47.46,76.69,54.88,34.24,52.94
2015-08-07,115.52,148.89,50.11,68.62,95.68,103.74,28.78,82.69,2.09,173.75,12.64,209.02,64.04,39.99,146.19,74.53,77.99,51.24,92.61,189.62,60.73,62.67,321.05,270.16,60.72,62.54,664.39,635.3,55.49,522.62,42.12,41.49,56.77,79.72,63.39,99.65,52.31,123.05,104.36,54.94,172.31,55.56,73.05,59.61,93.76,152.63,101.32,70.98,46.11,39.33,16.98,46.42,9.41,47.6,77.06,55.63,34.21,53.03
2015-08-10,119.72,151.24,50.66,69.21,95.57,105.2,28.81,83.62,1.93,173.66,12.68,211.83,64.92,40.47,148.35,75.01,78.63,52.69,92.16,190.43,61.7,63.38,321.91,270.24,60.63,63.1,663.14,633.73,55.71,524.0,41.82,41.68,56.71,81.26,63.99,100.49,52.26,125.14,104.65,56.08,170.6,56.63,75.7,61.09,95.31,152.33,102.77,72.17,48.45,39.22,17.6,46.53,10.08,47.92,78.01,55.26,34.78,54.38
2015-08-11,113.49,148.48,50.39,68.25,100.95,103.58,28.46,83.9,1.9,171.92,12.35,207.5,64.24,39.42,146.7,72.96,79.96,52.0,92.44,186.31,61.15,63.16,317.49,267.99,60.65,63.47,690.3,660.78,55.73,527.46,42.1,42.7,56.85,81.34,63.31,101.0,53.12,123.42,104.51,55.63,168.56,55.92,75.47,59.38,94.27,152.42,101.32,70.0,47.69,39.93,17.34,46.07,9.48,47.72,79.13,55.55,34.65,54.06
2015-08-12,115.24,148.52,50.09,68.75,100.65,103.77,28.66,83.82,1.9,172.0,13.06,203.33,64.11,38.89,145.38,73.92,78.54,51.12,92.2,191.01,60.83,63.07,315.81,269.53,61.32,63.61,691.47,659.56,55.74,525.91,42.65,42.52,57.57,81.0,63.26,99.97,53.74,121.85,104.38,55.49,170.62,55.75,78.1,59.74,94.39,149.47,101.23,68.89,49.21,39.98,17.3,46.89,9.51,47.17,78.85,57.3,34.02,54.82
2015-08-13,115.15,147.4,49.84,68.54,105.75,103.39,28.85,84.31,1.79,187.79,12.66,203.53,64.17,38.56,145.74,73.84,79.29,50.42,92.27,188.83,60.2,63.29,315.65,268.92,61.52,63.49,686.51,656.45,55.57,529.66,42.62,42.67,57.55,80.76,63.24,100.25,54.18,121.62,103.88,56.05,168.58,55.45,76.24,59.0,94.33,149.69,101.22,69.58,47.9,39.61,17.05,47.51,9.31,47.03,79.56,57.12,33.81,54.61
2015-08-14,115.96,148.28,50.23,68.65,103.92,103.45,28.68,86.12,1.84,187.03,12.81,205.55,64.76,38.65,146.74,73.37,79.6,51.11,93.76,186.58,60.57,63.6,314.5,273.78,61.74,63.86,689.37,657.12,55.76,531.52,42.74,42.88,58.2,80.91,64.25,101.08,54.29,122.96,103.94,56.66,167.72,55.57,76.25,58.84,94.26,149.3,101.3,70.29,47.0,39.84,16.64,47.2,9.41,47.3,79.6,57.42,34.05,54.86
2015-08-17,117.16,149.24,50.38,69.37,106.45,103.48,29.3,86.77,1.8,184.69,12.87,205.72,64.53,38.82,146.76,73.57,81.51,51.77,94.79,191.22,60.88,64.68,321.25,271.32,62.92,63.85,694.11,660.87,55.67,535.22,43.4,43.95,58.35,81.0,64.3,101.45,54.68,124.14,104.62,57.5,169.79,55.79,76.54,59.5,96.51,151.9,102.56,71.05,47.85,40.15,17.03,47.51,9.43,47.71,79.48,57.87,34.23,55.4
2015-08-18,116.5,148.31,50.44,68.86,104.93,103.86,29.22,86.45,1.8,185.77,12.82,204.91,64.58,39.02,146.03,73.85,81.51,51.11,94.87,187.42,60.52,64.57,320.3,273.49,62.33,63.57,688.73,656.13,55.2,535.02,43.2,43.63,58.27,81.24,63.71,100.49,54.63,122.47,104.95,57.5,167.72,55.2,76.64,57.9,97.06,153.3,102.43,71.09,48.07,40.34,16.53,47.68,9.27,47.67,79.38,57.3,34.35,54.59
2015-08-19,115.01,145.87,49.84,68.59,104.55,102.87,28.98,85.48,1.8,187.84,12.54,201.77,63.05,38.4,144.65,73.06,80.99,49.88,94.56,184.96,59.73,64.23,318.86,268.57,62.49,63.66,694.04,660.9,54.81,532.92,43.55,43.53,58.8,80.95,62.92,100.4,54.8,120.97,106.14,56.54,166.57,55.23,72.38,58.38,96.15,151.95,101.04,69.83,45.81,39.98,16.44,46.72,9.11,47.12,78.94,57.47,34.36,54.32
2015-08-20,112.65,143.35,48.53,67.48,102.19,99.97,27.98,82.69,1.7,184.45,12.31,196.85,61.25,37.51,140.38,69.78,79.01,49.32,94.46,178.62,58.02,62.6,307.39,266.63,61.84,62.7,679.48,646.83,54.73,515.78,43.31,41.98,58.37,78.76,61.71,98.85,54.19,118.88,103.37,55.06,161.15,54.12,71.05,53.82,93.24,147.86,99.32,67.72,44.56,39.44,15.98,46.2,9.03,46.33,77.11,56.26,33.95,53.1
2015-08-21,105.76,142.09,47.13,65.9,97.08,97.13,27.22,78.87,1.78,177.54,12.0,190.72,59.2,36.23,137.49,68.04,76.14,46.81,92.23,173.81,56.45,60.38,298.57,259.22,60.73,61.25,644.03,612.48,53.94,494.47,42.51,39.75,57.29,77.03,59.73,96.7,54.02,114.84,101.8,53.84,155.19,51.84,68.78,53.78,90.92,146.62,96.53,65.34,43.23,38.5,15.48,45.12,8.73,44.81,74.85,55.53,33.38,51.76
2015-08-24,103.12,138.58,43.7,63.45,94.57,92.67,26.16,74.27,1.75,173.75,11.53,182.73,56.29,34.68,132.32,66.52,73.1,44.34,88.18,166.85,54.55,58.56,291.82,247.05,58.04,58.39,618.11,589.61,52.14,463.37,40.68,37.62,54.83,74.65,56.94,91.94,51.93,109.13,98.53,52.58,147.64,49.06,65.55,51.67,85.63,140.68,91.73,60.92,40.49,36.41,15.1,43.55,8.2,43.09,71.59,55.31,32.37,49.39
2015-08-25,103.74,137.64,42.9,60.71,93.88,92.14,26.18,74.57,1.66,171.22,11.34,179.59,55.23,34.36,134.81,65.63,74.55,42.8,85.87,165.44,54.23,56.95,290.63,247.4,56.1,56.99,612.47,582.06,51.82,466.37,39.77,37.5,53.02,73.52,56.64,89.51,51.35,107.28,97.41,51.49,145.19,49.59,63.99,50.61,85.75,138.14,89.39,60.48,38.9,35.54,14.84,43.01,8.11,42.62,72.03,54.48,31.8,48.17
2015-08-26,109.69,142.72,43.98,63.14,97.29,95.04,27.29,77.33,1.72,171.46,11.65,184.71,56.92,35.62,137.79,68.17,76.32,43.07,87.55,173.54,55.95,59.02,305.98,257.81,56.66,57.4,659.74,628.62,53.21,500.77,40.55,38.85,54.01,75.63,59.16,91.53,52.14,112.05,100.61,53.21,153.98,50.59,65.16,54.22,87.75,142.16,92.62,63.23,39.53,36.45,15.24,43.99,8.26,43.3,74.34,54.93,32.69,49.13
2015-08-27,112.92,143.9,45.64,64.51,98.2,95.73,27.93,78.91,1.78,176.23,11.87,189.07,58.63,36.64,140.65,70.5,76.24,45.13,88.28,179.82,56.82,60.51,312.0,263.83,57.73,58.74,667.96,637.61,53.71,518.37,41.02,39.03,54.91,76.88,61.11,93.87,53.14,114.96,101.15,54.74,155.72,53.22,69.01,56.48,89.79,142.16,94.39,63.9,42.79,37.16,15.94,44.83,8.86,44.24,75.1,55.35,33.44,50.0
2015-08-28,113.29,144.21,46.02,63.98,98.23,95.85,29.22,79.4,1.85,176.48,12.1,187.48,58.67,36.51,140.67,71.9,75.81,45.3,88.44,178.86,57.27,60.27,308.01,262.25,57.8,58.63,659.69,630.38,54.17,518.01,41.07,38.62,54.9,76.65,61.0,93.45,53.01,114.14,100.87,54.77,155.89,52.88,70.94,56.45,89.74,140.56,93.54,64.64,44.86,37.42,15.99,44.65,9.41,43.87,74.79,55.58,33.29,47.52
2015-08-31,112.76,142.14,45.29,62.41,95.9,94.27,28.63,78.57,1.81,175.25,12.0,186.44,58.6,36.31,139.53,71.31,74.86,45.21,85.99,172.19,56.6,59.61,303.74,257.19,56.67,58.28,647.82,618.25,53.58,512.89,40.29,38.98,54.29,76.72,60.34,92.19,51.94,112.67,100.04,53.82,151.78,52.36,71.58,55.86,88.6,141.05,93.44,64.51,45.24,36.03,16.085,44.99,9.45,43.72,74.35,54.79,33.2,46.75
2015-09-01,107.72,138.5,43.57,60.5,92.78,92.29,27.86,75.99,1.71,172.62,11.44,179.21,56.65,34.75,135.92,70.43,74.8,42.85,84.24,170.85,53.94,58.56,294.21,252.4,55.12,57.14,629.56,597.79,52.03,496.54,39.12,39.2,52.99,74.0,58.73,90.03,51.06,109.1,99.27,51.84,147.46,50.38,68.29,53.55,86.57,138.06,90.28,62.84,43.13,35.43,15.49,43.34,9.22,42.33,72.19,53.59,32.32,45.49
2015-09-02,112.34,141.24,44.24,60.98,95.61,94.43,28.37,77.25,1.77,175.25,11.32,178.83,57.45,35.53,138.95,71.27,78.83,42.73,85.34,176.24,55.1,59.32,299.61,255.51,55.13,57.93,644.91,614.34,53.13,510.55,39.08,41.51,53.01,74.94,59.1,91.17,51.41,109.56,100.28,52.73,152.29,51.94,69.53,54.59,88.87,140.47,91.05,64.03,43.22,35.71,15.68,43.62,9.32,42.41,73.09,53.75,32.82,45.99
2015-09-03,110.37,141.74,44.14,61.58,94.16,95.61,28.6,78.32,1.79,173.24,11.44,177.57,57.55,35.75,139.6,73.26,78.07,42.87,85.4,175.28,55.13,59.79,297.44,256.76,55.38,57.98,637.05,606.25,53.59,504.72,39.25,40.89,53.35,75.26,59.45,91.02,52.21,109.62,100.0,52.78,149.23,51.98,69.51,55.17,90.09,142.95,91.45,65.83,43.22,35.65,15.76,43.75,9.57,42.4,73.13,53.46,33.04,45.94
2015-09-04,109.27,139.84,43.07,59.77,93.82,94.45,28.1,76.89,1.82,172.13,11.03,173.25,56.39,35.06,135.9,72.58,78.58,42.43,83.4,171.98,54.28,58.72,293.74,250.5,54.55,57.04,628.96,600.7,52.38,499.0,38.56,40.6,52.54,74.08,58.08,89.02,51.11,108.52,98.99,51.93,147.02,50.75,68.34,53.96,89.72,142.05,90.29,65.08,42.5,34.85,15.39,42.9,9.49,41.67,72.44,52.56,32.56,45.37
2015-09-08,112.31,143.43,44.04,60.57,96.2,97.12,28.87,79.78,1.88,175.32,11.32,180.63,57.57,36.21,139.25,74.28,81.24,43.02,84.45,176.93,55.4,60.36,300.18,257.52,55.6,58.2,643.88,614.66,53.49,517.54,38.98,40.8,54.08,75.49,59.24,90.05,51.69,111.07,101.05,53.62,154.56,51.61,69.7,57.77,92.47,146.43,92.69,67.16,43.24,35.2,15.73,43.7,9.72,42.46,73.78,53.71,33.14,46.81
2015-09-09,110.15,140.86,43.23,59.26,94.17,95.52,28.69,78.52,1.85,174.92,11.3,177.61,56.99,35.54,137.22,73.35,81.77,43.03,84.22,171.76,54.97,60.2,294.92,251.7,55.01,57.35,643.41,612.72,53.02,516.89,38.46,41.0,53.37,75.12,58.53,88.7,51.21,108.89,100.75,52.99,151.08,50.61,67.2,56.27,90.88,145.6,91.54,67.45,41.29,34.99,15.46,42.99,9.57,42.22,73.32,53.59,32.78,46.16
2015-09-10,112.57,140.78,43.12,59.58,95.37,96.81,29.06,78.7,1.84,174.88,11.24,176.94,57.7,35.86,136.51,74.55,81.29,42.8,84.38,171.65,55.19,60.3,293.6,251.74,54.84,57.67,651.08,621.35,53.27,522.24,38.43,41.21,53.39,75.31,58.22,88.32,51.11,109.56,102.03,52.93,153.14,51.4,67.21,56.01,91.65,143.94,91.68,68.33,40.84,35.24,15.56,43.06,9.63,42.1,75.46,53.28,32.75,46.23
2015-09-11,114.21,141.26,43.41,59.35,95.57,97.35,29.15,79.19,2.01,174.84,11.13,176.01,58.14,35.96,136.42,74.67,81.87,42.0,86.23,171.93,55.55,60.63,295.24,253.63,55.25,58.14,655.3,625.77,52.59,529.44,38.82,42.15,53.78,75.5,58.33,89.26,51.96,109.72,104.34,53.22,153.21,51.55,65.65,56.35,92.23,147.09,91.32,68.9,40.2,36.14,15.5,42.82,9.65,42.0,76.82,54.08,32.72,46.3
2015-09-14,115.31,140.81,43.17,58.94,96.68,96.51,29.21,78.46,1.82,175.0,11.07,174.64,57.8,35.55,135.48,74.58,80.74,41.88,86.58,168.8,55.61,60.72,295.96,251.91,55.4,58.24,652.47,623.24,52.45,521.38,38.98,42.29,53.68,75.14,58.0,88.83,52.24,108.92,104.62,52.68,151.0,51.51,65.0,57.56,91.39,145.87,90.8,68.77,40.24,36.0,15.6,42.93,9.38,42.01,76.64,54.28,32.55,46.15
2015-09-15,116.28,143.6,43.81,59.2,100.29,98.24,29.8,79.53,1.86,176.85,11.12,177.76,58.57,36.15,135.62,75.2,79.74,44.27,87.66,169.03,56.52,61.64,303.74,256.43,55.6,58.98,665.07,635.14,54.11,522.37,39.2,42.64,53.85,76.5,58.65,89.55,52.48,109.84,105.56,53.39,152.14,52.28,65.72,58.3,92.37,148.24,92.09,69.74,40.43,35.85,15.92,43.47,9.63,42.26,77.8,54.6,32.86,46.62
2015-09-16,116.41,144.2,43.86,59.51,98.4,98.96,30.52,80.53,1.89,178.59,11.18,180.85,58.84,36.52,138.68,74.82,79.13,44.74,88.79,167.79,56.6,61.81,303.74,254.4,56.21,59.2,665.52,635.98,55.36,527.39,39.69,43.06,54.63,77.32,58.9,90.6,52.84,110.63,106.29,53.77,151.18,52.71,69.14,58.45,92.79,151.15,91.98,70.1,43.04,36.08,16.17,44.19,9.86,42.48,76.92,55.27,32.94,46.9
2015-09-17,113.92,142.95,44.24,59.86,104.08,98.53,30.97,80.31,1.89,178.28,11.17,179.52,58.11,36.4,139.03,74.64,79.69,45.05,89.55,167.99,58.45,62.04,301.05,255.35,57.08,58.99,671.67,642.9,54.69,538.87,40.54,43.99,55.87,77.06,58.43,91.52,53.32,109.52,106.78,53.5,153.91,52.85,68.57,57.93,92.36,150.27,92.16,70.05,41.99,36.41,16.02,44.25,9.95,42.47,76.65,55.75,32.78,46.78
2015-09-18,113.45,139.62,43.33,61.22,104.18,97.53,31.1,81.25,1.87,173.7,10.94,175.21,57.15,35.74,134.6,71.95,78.74,45.71,88.92,166.58,57.42,61.12,295.29,251.66,56.75,57.57,660.92,629.25,54.05,540.26,40.37,43.49,55.48,75.95,57.78,90.49,53.5,107.41,106.1,52.16,150.59,51.94,65.47,56.67,90.95,146.86,89.31,68.84,39.65,36.26,15.93,43.23,9.97,41.85,75.5,55.52,32.55,46.48
2015-09-21,115.21,140.04,43.3,59.39,103.02,98.43,31.52,83.32,1.81,174.75,10.78,176.02,57.7,35.69,134.87,72.09,82.09,46.4,89.35,160.51,57.01,61.72,285.62,255.99,57.15,58.56,666.98,635.44,54.79,548.39,40.82,43.23,55.6,76.74,58.03,90.39,53.68,108.79,105.28,52.17,147.09,52.01,65.86,56.63,92.23,149.57,90.4,69.01,39.34,36.57,15.64,43.38,9.9,42.33,76.32,56.15,32.56,47.41
2015-09-22,113.4,138.02,42.48,57.74,102.72,97.67,31.41,84.66,1.73,174.44,10.48,171.85,57.04,35.05,132.62,70.61,78.65,45.71,87.31,159.24,56.87,60.37,287.76,252.38,56.7,58.1,653.2,622.69,54.2,538.4,40.5,41.19,54.72,75.71,57.28,89.05,53.58,107.5,103.27,51.53,145.93,50.69,64.81,55.18,90.87,148.66,89.53,67.55,38.63,36.31,15.1,42.45,9.5,42.28,75.6,56.58,32.27,46.93
2015-09-23,114.32,137.66,42.2,57.43,102.4,97.86,31.62,85.5,1.7,175.87,10.14,169.88,57.42,34.95,130.48,70.54,80.07,45.31,89.55,159.63,57.21,60.59,286.61,254.84,56.78,58.51,653.29,622.36,54.4,536.07,40.8,41.24,55.02,75.63,57.1,88.71,53.9,106.92,102.82,51.56,145.72,50.48,63.18,55.2,90.86,149.28,89.09,68.16,37.27,36.59,14.605,42.06,9.2,42.11,76.4,56.61,32.2,46.92
2015-09-24,115.0,137.58,41.94,56.57,97.49,97.77,31.49,83.91,1.72,174.8,10.0,170.01,57.49,34.55,129.46,69.39,78.98,45.22,88.74,157.05,56.96,60.18,290.56,254.02,57.36,58.59,654.91,625.8,54.61,533.75,41.05,40.25,55.46,74.69,56.9,88.03,54.37,106.89,101.97,51.52,143.51,50.06,63.7,54.0,90.68,147.06,88.95,67.29,37.88,36.18,14.69,42.02,9.18,41.88,76.98,56.88,32.11,47.05
2015-09-25,114.71,139.56,40.86,55.74,95.11,96.94,32.06,83.13,1.71,176.84,9.96,170.59,57.83,34.45,127.63,70.55,80.7,45.13,87.91,149.25,56.65,59.64,279.03,259.3,57.98,58.99,640.15,611.97,54.79,524.25,41.37,40.24,55.99,75.1,57.54,88.84,54.89,108.06,99.84,52.02,138.53,50.62,62.67,54.44,89.94,141.91,90.02,67.92,38.2,36.51,14.6,42.5,9.07,41.99,78.09,57.66,32.33,46.97
2015-09-28,112.44,138.38,39.06,52.5,93.22,95.95,31.31,80.52,1.66,171.4,9.81,165.65,57.01,33.37,125.25,67.96,78.11,41.78,85.45,145.6,55.33,57.26,254.87,249.47,58.04,57.74,624.25,594.89,54.63,504.06,41.54,39.08,55.86,73.34,55.66,87.21,54.09,103.79,96.19,50.83,132.24,49.47,59.43,53.47,88.29,136.31,88.41,66.55,36.2,35.88,14.37,41.09,9.59,41.14,76.62,57.6,31.9,46.14
2015-09-29,109.06,141.55,39.5,52.79,89.03,96.6,30.66,79.83,1.67,170.53,9.46,166.61,57.72,33.74,125.82,67.5,78.38,42.53,85.62,147.75,55.91,56.07,252.1,251.2,57.74,58.36,622.61,594.97,54.23,496.07,41.69,39.18,56.13,73.1,55.72,87.01,54.19,106.45,95.05,51.13,133.82,49.72,59.04,54.05,86.92,137.72,88.4,63.89,37.12,36.65,14.55,41.02,9.45,40.78,77.45,57.1,32.07,45.24
2015-09-30,109.95,141.77,40.22,54.41,92.76,98.26,30.89,82.22,1.715,189.53,9.79,170.99,58.13,34.33,127.58,69.06,79.45,44.1,84.67,156.2,56.76,57.66,271.81,258.98,58.49,58.24,637.2,608.42,54.4,511.67,42.27,38.83,56.86,74.13,56.82,87.98,55.08,109.13,94.99,52.32,138.18,50.96,60.39,56.41,88.14,140.0,88.61,65.19,39.16,37.02,14.68,41.45,9.66,41.28,79.01,58.18,32.58,44.14
2015-10-01,109.58,140.8,40.76,55.13,89.21,98.44,30.9,83.75,1.74,192.04,9.89,170.36,57.96,33.74,129.27,68.96,80.23,45.17,84.49,157.82,55.44,58.56,282.35,262.35,57.59,57.97,642.0,611.29,54.22,520.72,41.78,39.2,56.14,73.89,56.92,88.38,55.27,109.61,94.51,51.86,140.23,50.03,60.95,54.94,87.34,138.94,88.56,65.43,39.72,37.54,14.67,41.46,9.26,41.24,78.49,57.82,32.53,43.14
2015-10-02,110.38,143.2,41.38,55.82,90.3,99.39,31.46,83.99,1.83,191.69,10.09,170.51,58.47,34.67,130.52,70.23,79.26,46.15,85.66,166.07,56.91,58.08,288.0,269.35,58.37,59.15,656.99,626.91,54.86,532.54,42.32,38.63,56.32,74.41,57.19,89.74,55.63,108.59,94.91,53.28,142.47,50.51,64.11,55.69,88.24,141.85,89.78,65.78,42.61,37.89,14.94,42.42,9.52,41.81,78.25,58.93,32.64,44.0
2015-10-05,110.78,146.32,41.39,56.68,91.84,101.62,31.97,85.84,1.8,191.17,10.27,174.33,59.32,35.34,132.92,72.12,80.91,47.43,87.66,163.42,58.47,59.01,278.58,275.77,58.96,59.9,671.68,641.47,55.73,543.68,42.62,40.19,57.46,77.3,58.28,93.46,56.07,111.88,94.99,54.73,143.8,51.78,66.49,57.43,89.74,142.85,91.52,68.04,43.98,38.33,15.1,43.64,10.41,42.11,79.68,59.36,33.43,44.29
2015-10-06,111.31,145.79,39.89,55.08,83.71,101.5,31.91,85.15,1.83,191.1,10.46,174.07,59.43,34.9,132.79,72.3,74.53,47.61,87.63,160.0,55.75,58.65,272.88,275.61,58.47,59.88,671.64,645.44,55.41,537.48,42.31,38.13,56.62,76.91,57.68,93.37,55.62,111.02,93.03,54.46,141.22,51.24,68.65,56.89,88.89,139.46,90.29,67.21,46.12,38.08,15.24,43.64,10.98,42.13,80.15,58.58,33.31,44.8
2015-10-07,110.78,147.54,40.63,55.63,84.96,102.62,31.94,80.65,1.86,190.35,10.53,177.07,60.29,35.54,134.17,73.55,75.97,48.91,88.38,164.78,56.55,59.64,268.99,278.27,58.22,60.04,670.0,642.36,55.9,541.94,42.21,39.31,56.04,77.18,57.82,94.24,55.35,111.86,92.94,55.15,148.05,51.66,69.14,57.87,89.66,139.41,91.16,68.3,45.93,38.66,15.39,44.31,10.94,42.19,80.04,58.72,33.12,45.9
2015-10-08,109.5,149.48,41.16,56.04,82.51,105.01,31.73,82.26,1.93,187.35,10.76,177.05,60.81,36.01,137.91,73.8,75.76,50.57,90.73,164.31,56.23,59.74,276.16,279.41,58.94,61.12,667.0,639.16,56.37,533.16,43.12,39.74,56.87,77.18,58.24,95.57,56.84,112.05,93.54,55.91,149.9,52.11,72.33,57.72,90.25,137.33,91.93,71.59,47.15,39.0,15.67,45.13,11.01,42.55,81.72,59.54,33.4,47.31
2015-10-09,112.12,149.9,41.89,55.64,83.63,104.78,32.07,83.82,1.96,189.52,10.72,177.07,60.76,36.23,139.95,73.46,75.92,50.72,89.94,161.08,56.39,59.67,274.84,280.12,58.72,60.44,671.24,643.61,56.81,539.8,43.12,42.42,56.74,77.33,58.19,94.94,56.87,111.1,92.84,56.02,149.59,51.93,72.4,56.69,91.81,140.49,91.29,70.75,46.47,39.27,15.65,45.42,10.26,42.56,80.56,59.0,33.14,51.57
2015-10-12,111.6,150.06,41.57,55.77,82.98,105.05,32.58,83.92,1.87,191.28,10.71,175.13,60.83,35.99,138.81,72.82,77.99,50.51,90.4,159.86,57.26,59.14,273.4,279.0,59.37,60.91,676.43,646.67,57.46,550.19,43.72,43.84,57.56,77.31,58.68,94.8,57.45,109.83,93.72,55.78,153.03,52.03,71.09,56.58,91.87,143.86,91.28,70.43,44.95,39.51,15.6,45.44,10.08,42.69,80.42,59.56,33.3,51.55
2015-10-13,111.79,149.11,40.92,53.8,82.73,103.48,32.88,83.65,1.92,190.85,10.63,171.01,60.51,35.63,138.29,71.14,73.92,50.26,92.25,153.25,56.21,58.86,262.05,275.81,59.4,60.64,683.17,652.3,57.62,548.9,43.65,43.41,57.65,76.6,58.69,93.7,57.69,107.99,94.15,54.93,147.58,51.69,70.58,56.05,91.37,146.53,90.78,68.82,44.59,39.18,15.14,44.92,10.03,42.26,80.48,59.11,33.22,52.08
2015-10-14,110.21,148.32,40.72,53.94,85.59,102.43,33.02,83.8,1.95,187.07,10.57,170.6,59.74,35.05,138.53,70.28,73.45,51.44,91.95,152.66,56.5,58.83,269.31,276.66,59.53,59.86,680.41,651.16,57.55,544.83,43.39,43.8,58.15,76.17,58.03,93.06,57.14,107.57,93.03,54.11,147.81,51.9,71.57,60.99,90.26,143.35,90.05,68.43,45.69,38.69,15.44,44.96,9.95,42.45,79.67,58.84,33.27,51.37
2015-10-15,111.86,149.19,41.87,56.14,92.83,102.3,33.8,86.77,1.97,190.55,10.78,175.61,60.9,35.58,139.76,71.56,75.98,51.47,92.43,161.07,60.65,60.34,274.08,278.18,60.53,61.59,693.02,661.74,57.87,562.44,43.94,44.46,58.72,76.74,59.19,94.65,58.21,110.62,94.07,54.53,152.54,52.82,72.96,61.28,90.82,145.23,91.25,69.44,46.75,39.4,15.72,45.56,9.7,42.49,80.0,59.77,33.49,52.16
2015-10-16,111.04,148.7,42.22,56.53,93.11,103.01,34.17,88.67,1.94,190.8,10.78,176.7,61.34,35.78,138.86,70.95,75.83,52.45,93.04,160.72,60.65,60.32,278.13,278.16,60.72,61.2,695.32,662.2,58.72,570.76,44.1,43.71,58.54,77.21,60.0,96.13,58.38,111.57,95.06,54.1,152.61,53.31,73.39,60.19,92.15,147.05,91.62,69.82,46.52,39.58,15.83,45.96,9.55,42.85,80.07,60.75,33.83,52.04
2015-10-19,111.73,148.0,42.15,56.16,94.96,103.1,33.75,88.4,2.01,191.4,10.74,172.93,61.03,36.23,138.03,70.42,76.87,52.26,94.41,162.11,61.1,59.98,273.31,280.07,60.99,61.59,699.95,666.1,59.66,573.15,44.29,44.45,58.59,77.0,60.0,96.79,58.95,111.25,94.79,54.28,154.47,53.08,72.31,60.22,93.29,148.81,90.63,70.87,45.33,40.32,15.805,45.97,9.42,42.71,81.05,60.93,33.63,52.44
2015-10-20,113.77,149.11,41.74,54.83,94.42,103.47,33.82,86.84,2.02,193.59,10.88,173.13,61.28,36.32,137.35,71.92,76.49,52.1,94.36,159.02,61.98,61.99,263.42,280.99,61.2,61.44,680.0,650.28,59.74,560.88,44.32,44.79,58.66,76.95,60.27,96.91,58.6,112.3,93.18,54.6,150.45,53.41,73.29,60.4,92.07,148.24,91.56,70.79,45.92,40.51,16.19,45.7,9.41,43.45,82.2,60.5,33.75,52.0
2015-10-21,113.76,149.82,42.2,53.83,93.54,102.52,33.78,86.13,2.1,192.15,10.76,168.75,61.34,35.9,135.54,71.16,74.73,51.18,93.99,160.31,61.59,61.27,259.0,275.93,60.82,60.65,671.8,642.61,59.84,555.77,44.15,44.31,58.94,76.51,60.23,96.06,57.94,111.56,92.71,54.62,150.09,50.43,71.55,61.75,91.57,142.79,91.32,68.67,45.08,40.2,16.07,45.29,9.11,43.12,79.91,60.31,33.6,51.13
2015-10-22,115.5,156.0,43.5,48.27,87.76,106.46,34.75,88.46,2.14,191.87,11.04,176.88,62.22,36.09,137.83,72.53,75.97,52.39,90.65,166.76,60.78,64.0,253.04,294.49,61.54,61.55,681.14,651.79,61.4,563.91,44.5,45.99,59.17,72.5,60.75,99.47,58.46,114.09,92.8,55.63,152.31,52.08,73.0,63.4,93.08,139.41,92.41,72.76,45.97,40.23,16.21,46.7,9.09,43.58,80.79,60.65,33.96,52.59
2015-10-23,119.08,155.79,43.6,50.34,92.76,107.99,34.9,87.86,2.21,191.94,11.05,181.71,63.45,37.11,139.99,74.08,79.09,52.58,90.4,171.16,67.97,63.73,268.55,295.87,60.36,61.68,719.33,702.0,61.05,599.03,43.99,45.67,57.48,74.59,61.28,99.17,57.63,116.08,93.13,55.86,155.75,53.53,72.03,63.62,93.58,140.95,92.49,73.84,46.49,39.99,16.44,46.89,9.14,43.56,81.85,59.93,33.74,52.39
2015-10-26,115.28,156.54,43.61,51.87,92.92,107.97,34.88,88.84,2.15,192.45,10.88,181.02,63.51,36.83,139.77,75.37,79.16,52.68,89.19,170.01,68.27,64.07,271.57,294.92,60.59,61.82,731.12,712.78,61.4,608.61,44.41,46.47,57.82,74.19,61.16,99.53,58.2,115.5,93.63,56.3,158.58,53.83,69.0,61.53,94.35,141.74,92.72,73.78,45.38,39.98,16.33,46.39,8.77,43.72,82.04,61.81,33.66,53.61
2015-10-27,114.55,156.73,43.88,52.58,94.13,107.87,34.88,88.05,2.15,193.27,10.87,178.57,63.15,37.05,139.23,75.55,77.95,51.93,89.53,176.59,67.09,64.5,285.77,293.55,60.38,60.29,732.82,708.49,61.06,611.01,44.49,46.46,57.67,74.01,60.92,99.27,57.93,113.0,97.54,53.76,161.98,53.99,65.29,61.39,94.0,144.69,92.78,73.8,44.14,40.23,16.27,46.24,8.73,43.65,81.08,61.87,33.21,54.1
2015-10-28,119.27,158.08,44.76,53.26,98.58,109.73,35.28,88.5,2.18,194.28,11.12,183.3,63.98,37.52,142.13,62.91,75.19,53.58,90.42,177.41,66.3,65.2,287.2,298.27,59.3,62.31,736.92,712.95,61.44,617.1,44.03,45.86,57.07,74.45,63.89,100.87,57.73,115.98,97.5,54.22,162.67,54.43,65.55,61.86,97.07,141.8,94.79,76.42,46.05,39.81,16.54,46.8,8.99,44.05,81.4,62.22,33.42,55.5
2015-10-29,120.53,157.61,45.24,54.1,70.4,107.95,34.99,88.12,2.13,197.48,11.0,179.87,64.42,37.7,137.36,61.11,75.77,54.29,90.31,175.95,65.7,64.51,304.38,297.85,58.67,62.79,744.85,716.92,61.53,626.55,43.41,45.86,56.21,74.22,63.49,101.96,57.08,115.41,96.82,54.68,160.58,54.4,67.58,59.98,95.52,141.34,94.83,76.38,46.58,39.96,16.74,45.53,8.95,44.15,82.44,62.13,33.55,55.06
2015-10-30,119.5,157.21,44.8,59.55,73.66,107.2,34.76,88.66,2.12,198.43,10.95,180.26,63.75,37.76,138.98,60.82,76.25,53.52,89.74,176.0,65.46,65.17,308.47,297.31,59.02,61.88,737.39,710.81,60.47,625.9,43.68,46.22,56.65,73.26,63.06,102.23,57.36,115.36,96.51,54.82,158.18,54.22,66.88,60.12,95.31,139.15,93.31,76.82,47.13,39.19,16.77,45.66,8.93,43.73,81.53,63.0,33.51,55.19
2015-11-02,121.18,159.92,45.43,63.38,76.5,107.6,34.57,89.91,2.19,200.38,11.02,185.06,64.51,38.59,138.56,61.78,77.13,54.24,91.41,180.76,66.37,66.75,314.91,298.42,59.54,61.8,747.74,721.11,60.5,628.35,43.92,46.47,56.89,73.94,63.74,104.06,57.31,117.21,97.83,55.44,162.31,55.07,67.38,60.34,97.43,139.86,94.7,77.58,47.94,40.01,16.89,46.28,9.17,43.68,82.93,63.03,33.61,56.89
2015-11-03,122.57,158.75,45.51,62.43,79.82,107.31,35.82,90.36,2.28,198.7,10.93,186.75,64.04,38.27,138.71,63.11,77.68,54.67,91.24,177.67,66.93,65.33,309.31,300.59,59.72,63.16,748.82,722.16,57.85,625.31,43.87,46.5,56.75,74.03,60.96,103.28,57.73,117.8,97.67,55.72,162.46,54.88,70.84,60.66,97.21,137.05,94.62,76.82,49.87,39.67,17.0,43.15,9.38,43.92,83.51,63.19,33.63,57.93
2015-11-04,122.0,158.91,45.18,63.8,80.28,106.52,36.99,91.01,2.2,199.34,10.82,186.65,64.17,38.34,138.19,62.22,77.41,54.22,91.16,175.46,66.53,64.7,307.67,301.87,60.11,62.89,755.31,728.11,58.03,640.95,44.21,45.63,56.71,74.07,60.8,102.23,57.98,115.89,97.47,56.18,161.88,54.93,70.22,60.49,97.77,135.34,94.46,77.01,49.39,38.26,16.87,43.02,9.38,44.01,82.89,63.04,33.48,57.83
2015-11-05,120.92,158.99,45.18,62.77,81.61,106.09,37.36,90.55,2.2,200.34,9.88,187.31,64.17,38.3,137.3,61.7,78.06,49.43,92.69,173.44,66.39,64.16,309.43,299.11,60.03,63.55,760.67,731.25,58.05,655.65,44.02,45.6,56.49,73.93,62.0,100.87,58.19,117.05,97.89,56.48,161.22,54.7,70.1,60.36,93.39,136.04,94.8,77.66,49.27,38.27,16.81,43.07,9.2,44.09,83.83,62.54,33.34,63.49
2015-11-06,121.06,159.26,45.63,64.13,81.09,106.0,35.0,90.69,2.15,198.72,10.2,188.97,64.32,38.14,138.62,62.38,78.08,50.68,89.39,172.15,67.17,64.27,301.57,297.95,56.99,64.07,761.6,733.76,57.09,659.37,42.55,45.34,53.96,74.3,61.93,98.03,55.44,119.28,97.61,56.21,160.46,55.17,68.6,61.7,93.52,133.98,93.57,78.24,47.67,37.09,17.05,42.13,9.09,44.06,84.9,59.81,33.16,63.88
2015-11-09,120.57,157.47,45.05,63.23,79.65,104.88,34.05,89.8,2.11,194.9,9.9,177.87,63.56,37.92,136.33,61.83,77.31,49.92,87.6,172.64,67.08,63.68,296.82,296.73,56.81,63.52,754.77,724.89,57.08,655.49,43.14,44.65,54.43,73.42,61.21,97.11,55.79,117.39,97.4,56.02,159.63,54.9,67.9,60.96,92.2,133.77,92.43,77.24,53.94,36.22,16.81,41.52,8.61,43.65,84.07,59.49,32.84,63.51
2015-11-10,116.77,157.59,45.76,62.3,81.87,105.07,33.86,90.28,2.02,194.11,10.07,177.05,64.31,37.98,136.72,61.65,78.57,49.58,88.81,172.38,66.1,63.33,306.7,297.57,58.15,63.32,758.26,728.32,56.79,659.68,43.81,44.49,55.1,73.37,61.35,97.13,56.63,116.55,98.87,55.97,158.37,54.44,63.42,59.97,92.16,135.27,92.98,76.99,53.31,36.47,16.76,40.63,8.35,44.02,84.87,60.94,32.79,63.36
2015-11-11,116.11,159.05,45.07,60.86,79.73,105.1,34.57,91.21,2.07,194.67,10.05,176.78,64.37,37.66,136.8,61.42,77.57,48.9,89.11,169.54,65.59,65.01,309.76,294.73,58.83,63.12,765.25,735.4,57.21,673.25,44.22,44.39,55.56,72.91,60.67,97.62,56.89,116.05,98.24,55.77,156.86,54.73,61.01,59.9,91.45,134.19,93.89,77.88,49.4,36.84,16.79,40.51,8.08,44.23,84.39,61.3,32.92,62.12
2015-11-12,115.72,156.3,44.19,60.23,79.36,104.32,35.01,90.84,2.0,164.64,9.73,171.29,63.32,37.49,135.3,60.44,76.68,46.92,88.75,166.13,64.0,64.68,300.04,290.82,58.43,62.55,756.53,731.23,56.76,665.6,43.5,43.9,55.32,71.98,59.38,97.35,56.47,113.75,96.91,54.09,150.98,53.91,58.5,59.46,90.59,133.43,92.8,76.36,48.9,36.56,16.53,38.51,7.82,43.27,82.76,60.58,32.69,61.75
2015-11-13,112.34,155.65,43.96,59.86,80.12,103.15,34.59,89.02,1.99,161.62,9.8,167.53,63.22,36.77,137.38,58.57,75.96,47.62,87.49,166.44,63.67,63.69,299.63,286.35,58.49,62.41,740.07,717.0,56.28,642.35,43.13,43.45,55.06,71.2,59.31,96.38,56.01,112.49,96.59,53.76,151.55,53.0,60.05,58.13,89.58,132.55,93.1,75.6,48.97,36.35,17.24,37.76,7.99,42.98,82.15,60.25,32.31,60.45
2015-11-16,114.175,158.21,44.88,60.01,78.77,106.33,34.95,89.765,1.99,164.22,9.81,172.07,63.67,37.33,140.35,59.14,76.85,47.98,88.67,168.91,65.15,64.72,298.71,287.14,59.98,63.12,750.42,728.96,56.77,647.81,43.93,42.83,56.21,71.66,60.66,98.05,56.83,113.47,97.3,54.9,154.5,54.53,62.11,58.48,90.17,135.06,94.37,77.09,50.49,36.53,17.74,38.24,8.29,43.54,83.47,61.11,33.04,60.93
2015-11-17,113.69,157.03,44.77,60.38,79.01,106.29,36.12,90.29,1.98,164.09,9.54,170.45,63.5,38.38,139.47,58.73,77.54,48.52,88.44,171.21,65.28,64.59,297.32,284.49,58.98,62.71,745.98,725.3,56.68,643.3,42.86,42.3,55.05,71.11,61.0,98.35,56.05,112.97,99.17,54.24,157.6,53.87,61.12,59.3,90.26,136.25,93.67,77.01,49.71,36.72,17.815,37.2,8.27,43.23,83.98,60.55,33.26,61.25
2015-11-18,117.29,157.39,45.8,60.99,78.79,107.88,36.87,91.27,2.12,164.44,9.73,176.34,64.92,39.34,139.43,59.25,78.09,50.81,89.31,176.65,66.33,65.85,310.8,287.7,59.3,63.5,760.01,740.0,57.06,663.54,43.22,41.75,55.41,72.15,61.96,99.66,57.06,115.47,100.31,55.93,160.92,54.8,61.74,60.74,90.73,137.3,95.01,79.2,50.1,36.82,18.13,37.41,8.41,43.81,85.53,61.9,33.54,61.25
2015-11-19,118.78,158.38,45.73,60.55,78.19,107.28,37.01,91.76,2.14,162.37,9.57,176.71,65.37,38.5,139.96,59.21,79.23,50.69,90.41,174.48,67.39,66.68,302.05,286.07,60.45,63.37,759.94,738.41,57.46,661.27,43.7,42.3,56.32,72.74,61.98,99.63,57.27,114.97,99.19,55.79,159.49,54.58,59.64,59.77,91.5,127.86,93.82,78.8,49.54,36.98,18.2,36.43,8.76,43.87,85.67,62.4,33.62,62.39
2015-11-20,119.3,158.95,46.01,61.11,81.24,107.97,37.51,91.81,2.22,162.82,9.67,175.26,65.66,39.28,139.29,56.92,81.86,51.67,91.1,173.59,67.19,66.51,312.46,286.61,61.08,63.34,777.0,756.6,57.13,668.45,44.11,42.2,56.54,72.42,62.21,100.49,57.4,114.49,99.1,56.22,159.91,54.73,58.74,59.42,91.63,131.29,94.86,78.17,49.1,37.56,18.18,35.83,8.69,44.19,86.29,62.51,33.66,60.55
2015-11-23,117.75,158.65,45.44,61.15,81.73,107.84,37.35,91.96,2.22,162.62,9.66,174.82,65.4,40.03,140.18,56.95,80.41,52.11,91.49,175.97,67.21,65.69,301.72,285.66,60.25,63.11,776.7,755.98,57.62,678.99,43.34,42.3,55.99,72.24,62.76,99.94,57.47,113.62,98.73,56.31,162.47,55.38,60.35,56.8,92.33,131.13,94.72,78.59,48.85,37.66,18.13,36.72,9.07,44.11,85.89,62.38,33.46,62.71
2015-11-24,118.88,157.75,45.45,61.13,81.5,107.35,36.84,92.0,2.34,163.19,9.9,175.54,65.39,40.67,139.47,56.62,79.6,53.01,91.44,177.8,67.25,65.18,311.43,285.45,60.09,62.94,769.63,748.28,57.57,671.15,43.22,41.23,55.79,71.63,63.12,99.26,56.88,112.6,98.5,56.46,162.78,54.69,62.02,60.42,92.53,131.63,94.75,79.95,50.91,37.37,18.38,36.04,9.09,44.13,85.61,62.66,33.39,63.08
2015-11-25,118.03,157.63,45.41,60.29,82.08,107.1,37.23,91.77,2.38,164.3,9.88,176.18,65.1,41.34,138.35,57.68,79.61,52.9,91.51,182.24,67.76,66.4,320.26,286.4,59.71,62.43,769.26,748.15,57.5,675.34,43.16,41.31,55.61,71.69,63.15,99.09,57.02,113.02,98.93,56.46,163.95,54.76,61.13,60.25,92.86,131.0,94.51,80.07,50.35,37.85,18.45,36.47,9.41,43.95,84.81,62.19,33.45,62.92
2015-11-27,117.81,157.99,45.42,60.0,83.49,107.46,37.24,92.17,2.33,164.84,9.99,176.69,65.3,41.97,137.9,57.9,79.76,53.11,92.47,182.46,67.65,67.13,319.76,285.53,59.88,62.84,771.97,750.26,57.75,673.26,43.31,41.69,55.94,71.85,63.68,99.68,58.05,113.51,98.99,56.86,163.52,54.96,60.71,60.45,93.66,131.22,94.65,80.86,49.42,38.42,18.62,36.46,9.32,44.0,85.15,62.84,33.57,63.05
2015-11-30,118.3,156.58,44.92,58.15,81.57,107.22,37.66,91.46,2.36,162.73,9.99,177.23,65.24,41.82,136.89,57.61,79.73,53.56,92.09,178.44,66.74,67.21,313.89,286.85,60.19,62.76,762.85,742.6,57.6,664.8,43.76,41.26,56.01,71.64,63.58,99.38,57.76,112.95,98.64,56.46,161.1,55.05,59.9,61.63,93.21,130.38,94.74,79.76,49.18,38.11,18.77,36.49,9.36,43.75,85.52,62.31,33.67,63.47
2015-12-01,117.34,156.9,45.46,59.02,83.84,108.13,38.57,92.55,2.34,162.34,9.98,179.87,65.99,41.06,138.0,57.66,81.17,52.95,93.05,180.28,67.09,68.03,322.49,289.16,61.4,63.5,783.79,767.04,57.89,679.06,43.83,43.26,56.73,72.2,64.12,101.17,57.87,114.61,99.5,56.67,161.98,55.49,60.5,61.57,94.18,135.82,95.7,80.75,49.15,38.77,19.18,36.7,9.48,43.86,85.26,62.59,33.77,64.72
2015-12-02,116.28,155.7,45.22,57.72,84.72,107.59,38.38,92.02,2.27,157.93,9.6,175.73,65.59,40.42,138.5,56.07,81.7,52.28,91.02,176.58,67.93,67.31,317.46,285.37,60.62,62.89,777.85,762.38,57.84,676.01,42.83,43.82,55.33,71.2,63.5,99.46,57.15,113.0,98.85,55.8,160.52,54.59,58.77,60.74,93.43,132.92,94.53,79.49,47.32,38.11,19.13,36.52,9.35,43.46,84.62,61.93,33.56,64.55
2015-12-03,115.2,154.38,44.15,56.12,79.0,105.93,37.62,89.91,2.23,154.78,9.52,170.65,63.1,40.15,135.77,54.81,80.55,52.83,89.34,168.79,65.82,66.1,312.95,281.25,59.39,62.77,768.2,752.54,57.09,666.25,42.25,43.27,54.7,70.42,62.36,97.89,57.41,111.3,98.71,54.71,154.65,53.62,58.14,59.05,92.36,129.43,93.68,77.32,45.76,37.49,18.76,35.61,8.99,42.96,82.99,61.14,33.1,64.41
2015-12-04,119.03,158.22,45.3,57.18,80.5,109.1,38.89,92.58,2.28,155.83,9.32,175.52,63.52,41.1,138.44,56.615,84.91,52.99,90.79,175.76,65.56,67.12,316.5,284.22,60.35,64.49,779.21,766.81,58.51,672.64,43.34,44.97,55.84,71.1,63.99,97.55,58.01,114.94,99.89,55.31,161.43,54.79,56.81,59.21,93.65,132.75,96.65,78.94,45.79,38.73,19.03,35.97,9.34,43.92,86.56,62.25,34.11,65.29
2015-12-07,118.28,157.75,45.56,56.27,79.82,108.94,38.69,89.6,2.355,151.22,9.21,172.6,62.8,40.7,136.81,55.71,86.33,51.1,90.03,179.15,66.47,66.39,316.51,282.86,60.33,64.39,772.99,763.25,58.27,669.83,42.97,45.78,56.25,70.61,62.8,97.69,58.4,113.31,99.98,55.11,158.3,54.71,53.68,58.5,92.83,132.78,96.74,79.01,44.22,38.38,18.91,35.41,9.04,44.02,86.81,61.98,34.27,63.75
2015-12-08,118.23,156.79,45.55,56.67,86.4,108.91,39.36,91.72,2.39,149.88,9.2,169.05,62.12,41.17,132.97,55.1,85.62,49.78,90.43,188.72,66.58,65.85,310.47,282.15,60.69,63.86,775.14,762.37,58.23,677.33,42.74,44.55,55.88,69.91,62.75,96.88,58.45,111.57,100.47,53.83,159.35,54.33,51.82,58.02,92.9,131.6,95.1,78.57,44.87,38.45,18.95,35.27,8.52,43.33,85.84,62.2,33.85,63.96
2015-12-09,115.62,156.05,44.96,56.03,82.78,107.29,38.59,89.56,2.35,153.21,9.26,166.6,61.26,40.98,133.85,53.27,83.51,50.02,89.23,183.16,64.84,65.18,306.41,280.09,60.28,62.9,762.55,751.61,57.33,664.79,42.58,43.65,56.25,69.86,62.18,95.54,57.91,108.83,100.67,54.0,157.89,53.89,50.83,56.65,90.58,132.46,94.23,77.3,44.95,38.27,19.03,35.41,8.74,43.2,84.09,62.56,33.57,63.25
2015-12-10,116.17,157.52,45.31,55.78,84.63,107.6,38.38,88.96,2.45,151.76,9.28,165.86,61.09,41.25,132.51,53.7,84.36,49.21,88.71,187.63,65.03,65.39,305.7,280.16,58.81,62.48,760.04,749.46,57.18,662.32,41.71,44.09,54.88,70.11,60.98,95.07,56.77,108.79,101.95,54.08,159.67,53.56,51.23,57.15,91.03,134.84,93.83,78.08,46.19,37.62,18.75,35.09,9.17,43.45,84.11,61.14,33.67,63.24
2015-12-11,113.18,154.83,44.36,54.04,82.98,105.3,37.22,91.42,2.36,148.85,8.97,152.76,59.71,40.19,130.48,51.81,82.77,47.95,88.75,188.06,65.09,64.59,302.07,268.1,58.59,61.47,750.42,738.87,56.46,640.15,41.72,42.09,54.56,68.86,59.46,93.68,56.72,105.15,102.08,52.91,155.15,52.61,49.55,56.93,89.76,135.78,93.3,76.45,42.92,37.62,18.32,34.22,8.86,43.41,82.29,60.81,33.17,61.1
2015-12-14,112.48,157.63,44.81,55.44,80.7,106.36,37.96,93.26,2.34,147.61,8.83,144.01,59.54,40.25,128.96,51.08,82.15,47.76,88.73,187.79,65.04,64.91,303.02,269.99,58.79,61.39,762.54,747.77,57.52,657.91,41.8,41.77,54.54,68.83,58.42,94.04,56.72,104.96,102.53,53.42,158.11,52.83,47.59,56.82,90.11,135.53,94.08,77.45,43.49,37.85,18.05,34.18,9.0,42.79,81.43,60.86,33.6,60.74
2015-12-15,110.49,148.13,45.59,56.39,84.43,106.72,38.71,94.02,2.36,156.17,9.25,152.24,60.92,40.81,131.5,51.755,82.13,48.68,89.65,186.21,65.84,65.43,304.66,267.99,59.31,62.7,760.09,743.4,57.34,658.64,41.94,42.595,56.04,70.15,59.94,95.61,57.19,105.88,101.69,53.33,162.615,52.43,48.8,56.55,90.97,135.02,96.69,77.75,45.27,38.49,18.46,34.86,9.12,43.56,81.85,61.59,33.81,61.09
2015-12-16,111.34,149.95,46.05,57.63,86.54,109.08,39.21,95.56,2.54,160.82,9.37,159.08,61.7,41.43,132.21,53.275,82.75,51.83,90.96,188.91,65.76,66.46,309.07,273.3,60.76,63.38,776.59,758.09,58.95,675.77,43.0,43.2,57.01,70.71,60.93,97.5,58.79,107.56,101.59,54.35,164.58,52.87,47.67,57.53,91.73,137.78,96.92,78.16,44.8,39.78,18.5,35.4,9.24,42.53,82.55,63.26,34.4,61.93
2015-12-17,108.98,148.85,45.26,56.38,85.67,103.26,38.87,94.2,2.56,153.07,9.2,157.73,60.38,40.78,130.36,52.59,81.13,52.42,90.86,185.79,64.77,65.62,309.51,269.06,63.71,62.37,769.83,749.43,58.43,670.65,44.03,42.46,57.42,69.57,60.13,96.09,59.29,105.1,102.34,53.55,161.43,52.73,46.73,56.12,91.36,139.01,93.27,76.51,42.95,39.53,18.06,34.29,9.15,41.26,80.89,63.14,34.03,60.74
2015-12-18,106.03,146.92,43.7,55.74,87.6,101.93,38.47,91.31,2.45,149.57,9.06,153.75,58.29,40.1,127.85,52.32,79.95,51.18,90.5,182.13,64.16,64.65,306.58,266.94,62.46,61.33,756.85,739.31,57.13,664.14,43.2,41.09,56.28,67.87,59.6,94.6,59.55,103.08,101.88,52.95,158.8,51.64,45.67,55.17,90.6,137.75,90.99,76.21,42.69,39.39,18.1,35.0,9.23,40.08,79.09,62.81,33.6,59.52
2015-12-21,107.33,147.48,44.04,56.2,88.32,102.99,38.74,91.62,2.53,149.65,9.16,154.23,58.48,40.83,129.95,52.675,82.5,51.46,91.24,185.07,64.21,64.76,309.92,270.53,61.93,61.3,760.8,747.77,57.44,664.51,42.86,42.4,56.55,68.4,59.97,95.56,58.27,105.43,102.89,53.08,159.28,52.1,46.55,55.83,91.09,139.53,90.8,75.98,42.53,39.52,18.52,35.31,9.32,40.31,79.96,62.08,34.09,60.16
2015-12-22,107.23,148.97,44.48,57.59,87.68,103.76,39.21,93.82,2.77,147.83,9.29,157.92,59.28,41.22,131.55,52.975,81.72,54.31,90.95,187.07,65.42,65.17,310.59,273.7,62.29,62.5,767.13,750.0,57.77,663.15,43.2,42.895,57.21,68.85,60.73,96.42,59.03,107.17,103.16,53.42,162.3,53.03,48.55,56.015,91.85,140.19,91.07,76.35,42.78,39.52,18.755,36.41,9.56,40.51,80.48,62.43,34.41,60.985
2015-12-23,108.61,151.16,45.1,58.58,88.25,104.42,38.84,94.7,2.83,149.06,9.54,162.65,60.32,41.77,133.18,53.25,82.16,56.29,91.18,187.39,65.12,65.82,310.57,278.35,62.88,62.89,768.51,750.31,58.43,663.7,43.85,43.29,58.25,69.97,61.41,98.5,59.57,108.68,103.94,54.17,162.72,53.54,51.5,56.48,93.3,140.51,91.76,77.1,45.71,39.7,19.09,36.68,10.19,41.02,80.96,63.27,34.78,62.04
2015-12-24,108.03,151.19,45.1,58.46,90.33,104.23,38.92,94.3,2.92,149.13,9.58,163.1,60.18,42.14,133.19,53.04,82.12,55.95,90.98,189.41,65.39,65.61,311.23,278.2,62.69,63.14,765.84,748.4,58.29,662.79,43.68,43.81,58.4,70.16,61.7,98.14,59.83,107.94,103.95,54.29,163.55,53.42,51.22,56.8,93.35,140.56,92.05,77.29,45.8,39.62,19.11,36.65,10.12,41.15,80.88,63.17,34.66,61.85
2015-12-28,106.82,151.22,45.03,58.75,88.97,104.08,39.03,94.2,3.0,150.55,9.46,163.25,60.39,41.78,132.6,53.18,82.42,56.75,91.76,189.1,66.34,66.31,308.88,278.14,63.23,62.64,782.24,762.51,58.27,675.2,44.04,43.23,58.6,69.76,61.6,98.37,60.61,107.8,104.19,53.94,161.73,53.17,49.69,56.45,93.83,140.03,92.0,78.34,44.92,39.82,19.0,36.5,9.98,41.32,80.94,64.22,34.76,61.86
2015-12-29,108.74,152.89,45.82,59.45,92.83,105.32,39.58,95.33,3.0,152.2,9.61,162.66,60.94,42.36,133.2,53.33,82.77,56.73,92.0,191.88,66.37,66.96,314.49,280.3,63.38,63.19,793.96,776.6,58.92,693.97,44.12,43.5,58.89,70.55,62.54,99.41,60.6,108.58,104.77,54.55,164.44,53.45,49.73,57.31,94.36,141.85,93.84,78.34,45.45,40.36,19.26,37.09,10.13,41.57,81.99,64.25,34.93,62.22
2015-12-30,107.32,151.91,45.27,59.8,92.12,105.86,39.43,95.28,2.98,151.4,9.5,160.74,60.52,42.17,132.26,52.9,81.44,56.34,91.39,191.31,66.1,66.61,315.06,276.77,63.45,62.81,790.3,771.0,58.8,689.07,44.0,42.8,58.9,70.16,62.51,98.1,60.45,107.29,105.02,54.18,163.29,52.93,48.38,56.55,93.72,140.96,93.54,78.03,44.81,40.36,18.96,36.88,9.96,41.38,81.37,64.15,34.74,62.25
2015-12-31,105.26,150.64,44.91,59.24,90.28,104.5,38.71,93.94,2.87,150.51,9.57,159.76,59.9,41.81,130.11,52.63,80.51,56.01,90.36,190.75,65.85,65.92,312.5,276.57,62.45,62.09,778.01,758.88,58.21,675.89,43.23,42.35,58.27,69.55,61.97,96.95,59.75,106.42,103.71,53.59,162.33,52.23,48.58,55.32,92.5,139.44,92.21,76.61,44.47,40.03,18.67,36.68,9.87,40.94,80.54,63.04,34.41,60.93
2016-01-04,105.35,146.82,42.93,57.61,85.24,101.83,37.62,91.97,2.77,152.24,9.43,155.99,59.18,40.69,129.19,52.31,78.4,55.55,89.11,184.68,64.27,64.53,307.47,271.71,62.28,60.67,759.44,741.84,57.39,636.99,43.03,40.91,58.33,67.59,60.43,96.7,60.32,104.25,101.87,52.65,158.34,50.87,49.13,54.44,90.1,139.21,90.71,75.18,44.43,39.65,18.47,35.84,9.71,40.2,78.52,62.37,34.35,60.31
2016-01-05,102.71,147.46,42.92,57.37,85.0,102.36,37.14,92.34,2.75,151.2,9.56,154.73,59.1,40.55,126.88,52.02,77.09,54.7,90.34,184.9,64.95,64.46,308.73,274.05,62.56,60.53,761.53,742.58,58.55,633.79,43.54,40.52,58.81,66.55,60.64,98.61,60.15,103.84,103.36,52.38,158.17,50.3,48.52,54.04,89.42,141.24,91.26,74.76,43.53,40.66,18.49,36.24,9.27,40.31,79.83,62.6,34.59,60.39
2016-01-06,100.7,144.49,42.56,57.38,85.3,102.16,36.79,91.02,2.505,147.2,9.23,147.93,58.2,40.73,123.79,50.48,78.2,52.31,89.73,184.07,64.87,62.77,303.45,270.18,62.64,59.85,759.33,743.62,59.17,632.65,43.82,41.23,59.03,64.42,59.75,98.26,59.89,100.31,101.78,51.19,156.72,49.11,43.77,51.74,88.29,137.79,89.88,73.28,38.53,40.2,17.73,35.36,8.61,39.53,78.78,62.8,34.06,59.54
2016-01-07,96.45,140.97,41.54,57.21,81.92,99.16,36.27,89.11,2.275,148.83,9.0,139.0,57.21,39.0,119.64,48.19,73.99,49.95,86.76,174.37,63.5,60.96,303.15,262.03,61.98,58.44,741.0,726.39,58.14,607.94,43.85,40.45,58.35,63.84,58.32,95.81,59.44,97.13,98.53,49.98,152.98,47.34,40.11,50.42,87.23,135.43,88.57,69.7,36.55,39.97,17.21,34.52,8.27,38.71,77.01,62.19,33.51,55.98
2016-01-08,96.96,140.49,40.67,55.65,84.58,98.2,35.71,87.85,2.14,145.56,9.13,134.23,56.71,38.59,119.02,48.1,70.38,49.01,85.57,168.13,64.53,59.77,299.46,257.01,61.96,58.23,730.91,714.47,58.24,607.05,43.51,40.37,58.26,63.63,57.45,94.23,59.67,94.94,97.96,49.07,150.705,46.63,40.56,49.98,85.4,132.13,87.02,67.22,36.65,39.21,16.79,34.39,8.07,38.3,76.07,62.26,33.54,55.06
