Date,AAPL,ABT,ACN,ATVI,ADBE,AMD,GOOGL,GOOG,AMZN,AAL,BLK,CBS,MSFT,FB
2015-01-02,109.33,44.9,88.84,20.13,72.34,2.69,529.55,524.81,308.52,53.91,356.73,54.79,46.76,78.45
2015-01-05,106.25,44.91,87.34,19.85,71.98,2.66,519.46,513.87,302.19,53.875,347.5,54.26,46.325,77.19
2015-01-06,106.26,44.4,86.71,19.48,70.53,2.63,506.64,501.96,295.29,53.04,342.1,53.19,45.65,76.15
2015-01-07,107.75,44.76,88.53,19.055,71.11,2.58,505.15,501.1,298.42,53.01,349.34,53.11,46.23,76.15
2015-01-08,111.89,45.68,89.88,19.25,72.915,2.61,506.91,502.68,300.46,53.66,353.42,53.74,47.59,78.175
2015-01-09,112.01,45.2,89.78,18.9,71.84,2.63,500.72,496.17,296.93,52.02,349.23,54.56,47.19,77.74
2015-01-12,109.25,45.58,89.51,18.86,71.12,2.63,497.06,492.55,291.41,49.58,346.93,54.85,46.6,76.72
2015-01-13,110.22,44.61,89.83,18.56,70.59,2.66,501.8,496.18,294.74,50.4,347.98,55.6,46.355,76.45
2015-01-14,109.8,44.28,88.78,18.93,69.99,2.63,505.93,500.87,293.27,49.41,345.75,54.47,45.955,76.28
2015-01-15,106.82,43.95,88.17,18.55,70.29,2.52,504.01,501.79,286.95,49.41,342.45,53.55,45.48,74.05
2015-01-16,105.99,44.49,88.89,20.25,71.73,2.39,510.455,508.08,290.74,49.81,348.07,55.56,46.24,75.18
2015-01-20,108.72,44.22,88.62,20.22,71.49,2.24,509.94,506.9,289.44,52.75,346.59,55.47,46.39,76.24
2015-01-21,109.55,44.06,88.34,20.1,71.54,2.45,520.39,518.04,297.25,53.67,349.5,56.19,45.92,76.74
2015-01-22,112.4,44.49,89.5,20.59,73.48,2.47,537.3,534.39,310.32,55.59,360.79,56.73,47.13,77.65
2015-01-23,112.98,43.86,89.22,20.65,74.06,2.45,541.95,539.95,312.39,55.69,355.12,55.88,47.18,77.83
2015-01-26,113.1,44.15,89.08,20.835,72.74,2.61,536.72,535.21,309.66,55.45,357.39,57.06,47.01,77.495
2015-01-27,109.14,43.68,86.16,20.47,71.46,2.7,521.19,518.63,306.75,52.695,351.48,57.08,42.66,75.78
2015-01-28,115.31,43.41,84.36,20.67,70.25,2.63,512.43,510.0,303.91,50.62,345.03,56.29,41.19,76.24
2015-01-29,118.9,45.26,85.64,20.745,71.64,2.61,513.23,510.66,311.78,52.24,346.94,55.72,42.01,78.0
2015-01-30,117.16,44.76,84.03,20.895,70.13,2.57,537.55,534.52,354.53,49.08,340.51,54.81,40.4,75.91
2015-02-02,118.63,45.23,85.83,21.125,71.11,2.67,532.2,528.48,364.47,48.72,347.64,55.37,41.28,74.99
2015-02-03,118.65,45.83,87.92,21.66,71.92,2.76,533.3,529.24,363.55,47.5,352.95,56.92,41.6,75.4
2015-02-04,119.56,45.17,87.34,21.52,72.28,2.85,526.1,522.76,364.75,49.46,350.78,56.74,41.84,75.63
2015-02-05,119.94,45.65,88.47,21.82,73.1,3.31,529.83,527.58,373.89,48.81,358.82,56.0,42.45,75.615
2015-02-06,118.93,45.5,88.15,22.105,72.54,3.03,533.875,531.0,374.28,48.145,362.43,56.74,42.41,74.47
2015-02-09,119.72,44.52,87.36,22.04,72.33,3.04,529.28,527.83,370.56,46.53,360.87,56.76,42.36,74.44
2015-02-10,122.02,44.92,87.52,22.28,72.76,3.04,540.16,536.94,372.995,48.05,370.67,57.0,42.6,75.19
2015-02-11,124.88,44.93,87.96,22.66,73.01,3.07,538.0,535.97,375.14,47.59,369.9,56.75,42.38,76.51
2015-02-12,126.46,45.22,89.09,22.94,74.59,3.12,546.01,542.93,377.17,47.88,374.88,57.77,43.09,76.23
2015-02-13,127.08,46.09,89.79,23.11,76.51,3.15,551.16,549.01,381.83,48.39,376.04,59.83,43.87,75.74
2015-02-17,127.83,46.41,89.3,23.49,77.13,3.11,545.01,542.84,375.43,48.01,380.33,60.2,43.58,75.6
2015-02-18,128.715,46.41,89.43,23.41,77.73,3.08,542.65,539.7,373.37,49.31,377.86,59.81,43.53,76.71
2015-02-19,128.45,46.61,90.27,23.315,77.73,3.055,546.45,542.87,378.995,49.78,377.61,59.54,43.5,79.42
2015-02-20,129.495,47.48,90.49,23.31,78.55,3.06,541.8,538.95,383.66,51.02,376.64,59.5,43.855,79.895
2015-02-23,133.0,47.32,90.57,23.37,78.1,3.06,535.0,531.91,380.14,51.31,376.43,59.67,44.15,78.84
2015-02-24,132.17,47.47,90.85,23.54,77.68,3.11,538.65,536.09,378.59,51.52,378.11,59.4,44.09,78.45
2015-02-25,128.79,47.4,90.6,23.455,78.07,3.1,547.33,543.87,385.37,49.73,375.92,59.78,43.99,79.56
2015-02-26,130.415,47.61,90.3,23.35,78.96,3.08,559.29,555.48,384.8,49.35,375.02,59.14,44.055,80.41
2015-02-27,128.46,47.37,90.03,23.32,79.1,3.11,562.63,558.4,380.16,47.9,371.42,59.1,43.85,78.97
2015-03-02,129.09,47.22,91.18,23.245,79.79,3.21,575.02,571.34,385.655,48.31,376.42,61.75,43.88,79.75
2015-03-03,129.36,47.09,90.84,23.1,78.99,3.14,578.795,573.64,384.61,48.77,373.66,62.8,43.28,79.6
2015-03-04,128.54,47.01,90.91,22.93,77.63,3.05,578.33,573.37,382.72,48.95,369.14,62.46,43.055,80.895
2015-03-05,126.41,47.44,92.05,23.29,78.62,2.98,581.435,575.33,387.83,48.395,369.94,61.55,43.11,81.21
2015-03-06,126.6,46.5,90.67,23.07,77.55,2.92,572.9,567.685,380.09,47.995,365.47,60.59,42.36,80.005
2015-03-09,127.14,46.83,90.79,23.315,77.93,2.93,574.1,568.85,378.56,47.92,364.59,60.51,42.85,79.44
2015-03-10,124.51,46.17,88.06,22.74,76.005,2.92,559.85,555.01,369.51,46.735,356.19,59.43,42.03,77.55
2015-03-11,122.24,46.3,86.86,22.81,76.01,2.84,555.69,551.18,366.37,47.39,358.41,59.59,41.98,77.57
2015-03-12,124.45,47.25,88.2,22.79,77.4,2.76,561.17,555.51,374.24,48.68,368.71,61.65,41.02,78.93
2015-03-13,123.59,46.88,87.87,22.99,77.62,2.75,553.0,547.32,370.58,49.22,367.74,60.93,41.38,78.05
2015-03-16,124.95,47.83,88.91,23.18,78.33,2.76,561.64,554.51,373.35,50.22,374.08,62.08,41.56,78.07
2015-03-17,127.04,47.09,88.84,23.105,79.66,2.77,557.61,550.84,371.92,53.69,374.26,61.77,41.695,79.365
2015-03-18,128.47,47.39,90.93,23.58,76.89,2.75,566.16,559.5,375.135,54.13,377.76,63.11,42.5,80.91
2015-03-19,127.495,47.44,90.19,23.15,77.14,2.74,563.67,557.99,373.24,55.19,369.95,62.63,42.285,82.75
2015-03-20,125.9,47.47,91.48,23.42,77.36,2.8,564.95,560.36,378.49,55.76,378.64,63.35,42.88,83.8
2015-03-23,127.21,47.47,91.54,23.18,76.35,2.84,565.37,558.81,375.11,54.395,374.33,62.68,42.855,84.43
2015-03-24,126.69,47.0,89.41,23.18,75.45,2.79,577.54,570.19,374.09,53.93,369.1,62.38,42.9,85.31
2015-03-25,123.38,46.53,88.21,22.7,73.13,2.63,567.0,558.785,370.96,52.01,363.92,61.51,41.46,82.92
2015-03-26,124.24,46.5,94.17,22.48,72.97,2.65,563.64,555.17,367.35,51.265,362.15,61.0,41.21,83.01
2015-03-27,123.25,46.78,93.94,22.76,73.31,2.72,557.55,548.34,370.56,52.66,361.63,61.21,40.97,83.3
2015-03-30,126.37,47.08,94.42,23.02,73.6,2.7,561.135,552.03,374.59,53.64,368.1,61.87,40.96,83.195
2015-03-31,124.43,46.33,93.69,22.725,73.94,2.68,554.7,548.0,372.1,52.78,365.84,60.63,40.655,82.215
2015-04-01,124.25,45.89,93.56,22.43,75.07,2.69,549.49,542.56,370.255,50.44,362.57,59.62,40.72,81.665
2015-04-02,125.32,46.13,94.18,22.64,75.68,2.69,541.31,535.53,372.25,49.175,366.4,61.16,40.29,81.555
2015-04-06,127.35,46.3,95.69,22.67,76.23,2.7,543.95,536.765,377.04,48.08,366.98,60.89,41.545,82.44
2015-04-07,126.01,46.19,96.39,22.77,75.65,2.7,544.86,537.02,374.41,47.495,368.62,60.88,41.53,82.32
2015-04-08,125.6,46.61,95.12,22.96,75.44,2.71,548.84,541.61,381.2,48.74,369.71,61.27,41.42,82.275
2015-04-09,126.56,47.0,95.47,23.0,76.33,2.72,548.02,540.78,383.54,47.84,371.53,61.2,41.48,82.17
2015-04-10,127.1,47.15,94.69,22.925,76.53,2.76,548.54,540.01,382.65,47.73,369.45,61.6,41.72,82.04
2015-04-13,126.85,46.53,93.49,22.79,76.02,2.78,548.64,539.17,382.36,47.79,369.69,61.32,41.76,83.01
2015-04-14,126.3,46.7,93.81,22.92,75.95,2.67,539.78,530.39,385.11,47.42,373.66,61.5,41.65,83.515
2015-04-15,126.78,46.83,94.16,22.9,76.03,2.7,541.04,532.53,383.45,47.75,376.66,61.66,42.255,82.705
2015-04-16,126.17,46.52,94.06,23.185,75.15,2.87,543.52,533.8,386.04,48.24,372.18,61.78,42.16,82.31
2015-04-17,124.75,46.25,92.39,22.805,73.15,2.575,532.74,524.05,375.56,48.19,365.4,60.68,41.615,80.775
2015-04-20,127.6,46.63,93.27,23.075,73.92,2.49,544.53,535.38,389.51,49.76,369.71,61.2,42.905,83.09
2015-04-21,126.91,47.12,93.0,23.39,74.62,2.35,542.925,533.97,391.18,51.36,367.52,61.48,42.635,83.62
2015-04-22,128.62,48.35,93.38,23.49,75.5,2.28,549.18,539.365,389.8,51.4,369.51,61.57,42.985,84.63
2015-04-23,129.67,48.46,93.84,23.745,76.52,2.33,557.46,547.0,389.99,51.45,371.93,61.63,43.34,82.41
2015-04-24,130.28,48.32,93.4,23.94,76.54,2.3,573.66,565.06,445.1,52.705,372.98,62.72,47.87,81.53
2015-04-27,132.65,47.49,93.76,23.72,76.55,2.34,566.12,555.37,438.56,51.87,371.89,61.7,48.03,81.91
2015-04-28,130.56,47.59,94.42,23.47,76.02,2.31,564.37,553.68,429.31,51.19,377.85,61.6,49.155,80.68
2015-04-29,128.64,47.17,93.65,23.19,76.65,2.28,561.39,549.08,429.37,48.88,366.67,62.77,49.06,80.465
2015-04-30,125.15,46.42,92.65,22.815,76.06,2.26,548.77,537.34,421.78,48.285,363.94,62.13,48.64,78.77
2015-05-01,128.95,46.69,93.36,23.05,76.43,2.31,551.16,537.9,422.87,49.39,368.64,62.63,48.655,78.99
2015-05-04,128.7,47.0,94.44,23.19,75.85,2.31,552.84,540.78,423.04,48.95,370.27,62.62,48.24,78.81
2015-05-05,125.8,46.85,93.65,22.71,75.0,2.28,543.045,530.8,421.19,47.005,366.05,61.77,47.6,77.56
2015-05-06,125.01,46.54,93.0,23.2,74.48,2.29,535.08,524.22,419.1,47.045,363.4,61.12,46.28,78.1
2015-05-07,125.26,46.5,94.49,24.41,74.73,2.32,542.04,530.7,426.88,49.06,365.68,61.22,46.7,78.425
2015-05-08,127.62,47.57,95.89,25.045,76.31,2.31,548.95,538.22,433.69,49.04,370.04,60.82,47.75,78.51
2015-05-11,126.32,47.33,96.01,24.64,76.785,2.32,545.78,535.7,432.85,49.645,367.78,59.67,47.37,78.01
2015-05-12,125.865,47.13,95.42,24.61,76.57,2.35,538.73,529.04,431.02,48.85,365.17,59.72,47.35,77.46
2015-05-13,126.01,47.03,95.68,24.63,77.08,2.37,539.49,529.62,426.87,48.49,365.13,59.72,47.625,78.44
2015-05-14,128.95,48.67,96.98,25.17,79.43,2.33,549.2,538.4,432.28,48.815,371.47,59.64,48.72,81.37
2015-05-15,128.77,48.71,97.02,25.42,78.92,2.32,546.49,533.85,426.0,48.665,370.85,59.95,48.295,80.42
2015-05-18,130.19,48.84,97.46,25.42,79.41,2.35,546.67,532.3,425.24,49.0,370.71,60.78,48.01,80.88
2015-05-19,130.07,49.01,97.18,25.48,79.62,2.28,549.28,537.36,421.71,47.85,371.08,60.7,47.58,80.63
2015-05-20,130.06,49.14,97.05,25.75,79.61,2.32,552.51,539.27,423.86,43.06,370.25,61.08,47.58,80.55
2015-05-21,131.39,49.34,96.83,25.62,80.56,2.28,556.81,542.51,431.63,42.47,368.22,61.81,47.42,80.48
2015-05-22,132.54,49.03,96.39,25.49,80.04,2.28,554.52,540.11,427.63,42.61,368.08,61.59,46.9,80.54
2015-05-26,129.62,48.6,96.09,25.41,79.365,2.22,547.19,532.32,425.47,41.555,365.03,60.68,46.59,79.335
2015-05-27,132.045,49.01,96.77,25.71,80.16,2.28,554.25,539.79,431.42,42.24,368.68,62.65,47.61,80.55
2015-05-28,131.78,49.26,96.91,25.725,80.015,2.27,554.18,539.78,426.57,41.97,369.51,62.03,47.45,80.145
2015-05-29,130.28,48.6,96.04,25.26,79.09,2.28,545.32,532.11,429.23,42.37,365.78,61.72,46.86,79.19
2015-06-01,130.535,48.94,96.19,25.395,79.87,2.25,549.21,533.99,430.92,44.18,364.27,61.5,47.23,80.29
2015-06-02,129.96,48.94,96.33,25.53,79.82,2.3,553.95,539.18,430.99,43.775,363.4,61.65,46.92,80.445
2015-06-03,130.12,48.86,96.98,25.96,80.13,2.28,555.29,540.31,436.59,43.13,364.95,62.22,46.85,82.44
2015-06-04,129.36,48.68,95.93,25.685,78.75,2.33,551.69,536.7,430.78,42.17,357.83,61.74,46.36,82.05
2015-06-05,128.65,48.45,95.4,25.77,78.86,2.33,549.53,533.33,426.95,41.72,355.32,61.33,46.14,82.14
2015-06-08,127.8,48.44,94.77,25.44,78.16,2.31,543.48,526.83,423.5,39.86,353.45,60.28,45.73,80.67
2015-06-09,127.42,48.18,94.94,25.52,77.9,2.29,542.16,526.69,425.48,40.325,352.73,59.85,45.65,80.67
2015-06-10,128.88,48.5,96.52,25.5,79.56,2.32,552.6,536.69,430.77,40.43,355.61,59.49,46.61,82.16
2015-06-11,128.59,49.06,96.92,25.3,79.65,2.32,550.04,534.61,432.97,40.02,356.81,58.77,46.44,81.83
2015-06-12,127.17,48.67,96.1,25.4,79.86,2.31,547.47,532.33,429.92,40.705,353.43,58.49,45.97,81.53
2015-06-15,126.92,48.07,95.79,24.54,78.9,2.32,543.0,527.2,423.67,40.07,355.28,58.14,45.475,80.71
2015-06-16,127.6,48.48,96.7,24.74,79.94,2.35,544.87,528.15,427.26,39.48,357.28,57.69,45.83,81.06
2015-06-17,127.3,48.57,96.93,24.87,77.91,2.47,546.6,529.26,427.81,39.88,357.3,58.0,45.97,81.79
2015-06-18,127.88,49.94,97.31,25.14,79.39,2.52,556.18,536.73,439.39,39.975,360.88,58.51,46.72,82.905
2015-06-19,126.6,49.89,97.02,25.01,79.7,2.58,557.52,536.69,434.92,41.56,359.19,58.06,46.1,82.51
2015-06-22,127.61,50.03,98.59,25.23,82.28,2.62,559.68,538.19,436.29,43.03,358.96,58.34,46.23,84.74
2015-06-23,127.03,49.88,98.25,25.42,83.55,2.61,563.39,540.48,445.99,42.725,360.15,58.09,45.91,87.88
2015-06-24,128.11,49.5,97.77,25.44,83.4,2.62,558.57,537.84,440.84,42.24,355.57,56.77,45.635,88.86
2015-06-25,127.5,49.33,99.48,25.4,83.94,2.58,557.95,535.23,440.1,42.24,351.13,57.13,45.65,87.98
2015-06-26,126.75,49.97,99.0,25.04,82.74,2.47,553.06,531.69,438.1,41.44,354.47,57.0,45.26,88.01
2015-06-29,124.53,49.01,96.68,24.49,81.28,2.34,541.25,521.52,429.86,39.75,344.54,55.33,44.37,85.8
2015-06-30,125.425,49.08,96.78,24.21,81.01,2.4,540.04,520.51,434.09,39.935,345.98,55.5,44.15,85.765
2015-07-01,126.6,49.52,98.06,24.73,80.945,2.42,543.3,521.84,437.39,38.8,347.4,55.93,44.445,86.91
2015-07-02,126.44,49.41,97.33,24.63,80.75,2.53,547.34,523.4,437.71,39.03,345.4,55.52,44.4,87.285
2015-07-06,126.0,49.74,97.34,24.82,80.5,2.47,545.62,522.86,436.04,39.73,342.81,54.89,44.39,87.55
2015-07-07,125.69,50.21,98.68,25.05,80.59,2.09,550.03,525.02,436.72,40.675,342.61,55.58,44.3,87.22
2015-07-08,122.57,49.25,97.62,24.8,79.99,2.01,541.7,516.83,429.7,39.31,334.12,54.28,44.24,85.65
2015-07-09,120.07,49.19,97.75,25.125,80.47,1.98,544.65,520.68,434.39,39.67,336.89,54.25,44.52,85.88
2015-07-10,123.28,49.93,98.78,25.36,80.59,1.96,556.11,530.13,443.51,41.21,339.46,54.85,44.61,87.95
2015-07-13,125.66,49.72,100.55,25.885,81.44,1.96,571.73,546.55,455.57,42.42,344.26,55.54,45.54,90.1
2015-07-14,125.61,50.2,100.74,26.06,81.89,2.05,584.18,561.1,465.57,42.06,342.73,55.4,45.62,89.68
2015-07-15,126.82,49.31,99.95,25.765,82.12,1.96,583.96,560.22,461.19,41.54,346.49,55.37,45.76,89.76
2015-07-16,128.51,49.77,101.45,25.85,82.52,1.87,601.78,579.85,475.48,41.39,354.28,55.45,46.66,90.85
2015-07-17,129.62,49.9,100.48,25.81,82.1,1.79,699.62,672.93,483.01,41.4,354.54,54.7,46.62,94.97
2015-07-20,132.07,50.06,100.72,26.25,82.09,1.8,692.84,663.02,488.1,40.55,353.1,54.09,46.92,97.91
2015-07-21,130.75,49.76,100.39,26.09,81.19,1.8,695.35,662.3,488.0,40.9,351.82,54.1,47.28,98.39
2015-07-22,125.22,50.98,102.33,25.95,80.73,1.79,695.1,662.1,488.27,41.43,350.0,54.13,45.54,97.04
2015-07-23,125.16,51.2,102.42,25.94,80.64,1.76,674.73,644.28,482.18,42.61,346.44,53.75,46.11,95.44
2015-07-24,124.5,51.05,101.17,26.18,80.98,1.67,654.77,623.56,529.42,39.63,341.41,53.04,45.94,96.95
2015-07-27,122.77,50.69,100.39,25.61,79.93,1.62,658.27,627.26,531.41,40.14,336.24,52.67,45.35,94.17
2015-07-28,123.38,50.94,101.69,25.71,80.59,1.77,659.66,628.0,526.03,41.17,336.84,52.75,45.34,95.29
2015-07-29,122.99,51.06,102.45,25.98,80.25,1.96,661.43,631.93,529.0,40.73,339.84,52.61,46.29,96.99
2015-07-30,122.37,50.77,102.66,26.06,81.29,1.93,664.56,632.59,536.76,40.27,338.75,53.2,46.88,95.21
2015-07-31,121.3,50.69,103.11,25.79,81.99,1.93,657.5,625.61,536.15,40.1,336.32,53.47,46.7,94.01
2015-08-03,118.44,50.5,103.21,25.52,81.4,2.2,664.72,631.21,535.03,41.71,334.7,53.03,46.81,94.14
2015-08-04,114.64,50.51,103.42,25.67,82.06,2.13,661.28,629.25,531.9,42.74,332.44,52.86,47.54,94.06
2015-08-05,115.4,50.48,104.5,28.71,83.38,2.16,673.29,643.78,537.01,42.96,334.69,50.42,47.58,96.44
2015-08-06,115.13,50.32,103.1,28.71,82.19,2.11,670.15,642.68,529.46,42.18,333.07,52.24,46.62,95.12
2015-08-07,115.52,50.11,103.74,28.78,82.69,2.09,664.39,635.3,522.62,41.49,331.85,50.34,46.74,94.3
2015-08-10,119.72,50.66,105.2,28.81,83.62,1.93,663.14,633.73,524.0,41.68,335.59,51.18,47.33,94.15
2015-08-11,113.49,50.39,103.58,28.46,83.9,1.9,690.3,660.78,527.46,42.7,330.0,50.29,46.41,93.62
2015-08-12,115.24,50.09,103.77,28.66,83.82,1.9,691.47,659.56,525.91,42.52,327.13,50.17,46.74,94.19
2015-08-13,115.15,49.84,103.39,28.85,84.31,1.79,686.51,656.45,529.66,42.67,325.91,50.05,46.73,93.43
2015-08-14,115.96,50.23,103.45,28.68,86.12,1.84,689.37,657.12,531.52,42.88,328.14,49.22,47.0,94.42
2015-08-17,117.16,50.38,103.48,29.3,86.77,1.8,694.11,660.87,535.22,43.95,329.33,50.03,47.32,93.93
2015-08-18,116.5,50.44,103.86,29.22,86.45,1.8,688.73,656.13,535.02,43.63,328.72,49.35,47.27,95.17
2015-08-19,115.01,49.84,102.87,28.98,85.48,1.8,694.04,660.9,532.92,43.53,323.26,48.52,46.61,95.31
2015-08-20,112.65,48.53,99.97,27.98,82.69,1.7,679.48,646.83,515.78,41.98,317.06,46.03,45.66,90.56
2015-08-21,105.76,47.13,97.13,27.22,78.87,1.78,644.03,612.48,494.47,39.75,307.27,45.09,43.07,86.06
2015-08-24,103.12,43.7,92.67,26.16,74.27,1.75,618.11,589.61,463.37,37.62,299.17,43.95,41.68,82.09
2015-08-25,103.74,42.9,92.14,26.18,74.57,1.66,612.47,582.06,466.37,37.5,294.66,43.27,40.47,83.0
2015-08-26,109.69,43.98,95.04,27.29,77.33,1.72,659.74,628.62,500.77,38.85,303.09,44.35,42.71,87.19
2015-08-27,112.92,45.64,95.73,27.93,78.91,1.78,667.96,637.61,518.37,39.03,314.47,45.26,43.9,89.73
2015-08-28,113.29,46.02,95.85,29.22,79.4,1.85,659.69,630.38,518.01,38.62,311.23,45.79,43.93,91.01
2015-08-31,112.76,45.29,94.27,28.63,78.57,1.81,647.82,618.25,512.89,38.98,302.47,45.24,43.52,89.43
2015-09-01,107.72,43.57,92.29,27.86,75.99,1.71,629.56,597.79,496.54,39.2,294.3,43.79,41.82,87.23
2015-09-02,112.34,44.24,94.43,28.37,77.25,1.77,644.91,614.34,510.55,41.51,298.53,44.29,43.36,89.89
2015-09-03,110.37,44.14,95.61,28.6,78.32,1.79,637.05,606.25,504.72,40.89,300.26,43.81,43.5,88.15
2015-09-04,109.27,43.07,94.45,28.1,76.89,1.82,628.96,600.7,499.0,40.6,294.24,42.92,42.61,88.26
2015-09-08,112.31,44.04,97.12,28.87,79.78,1.88,643.88,614.66,517.54,40.8,301.43,43.67,43.89,89.53
2015-09-09,110.15,43.23,95.52,28.69,78.52,1.85,643.41,612.72,516.89,41.0,296.77,43.51,43.07,90.44
2015-09-10,112.57,43.12,96.81,29.06,78.7,1.84,651.08,621.35,522.24,41.21,301.31,43.94,43.29,91.98
2015-09-11,114.21,43.41,97.35,29.15,79.19,2.01,655.3,625.77,529.44,42.15,303.31,43.93,43.48,92.05
2015-09-14,115.31,43.17,96.51,29.21,78.46,1.82,652.47,623.24,521.38,42.29,301.06,43.28,43.04,92.31
2015-09-15,116.28,43.81,98.24,29.8,79.53,1.86,665.07,635.14,522.37,42.64,307.9,43.76,43.98,92.9
2015-09-16,116.41,43.86,98.96,30.52,80.53,1.89,665.52,635.98,527.39,43.06,313.51,43.58,44.3,93.45
2015-09-17,113.92,44.24,98.53,30.97,80.31,1.89,671.67,642.9,538.87,43.99,311.63,43.42,44.25,94.34
2015-09-18,113.45,43.33,97.53,31.1,81.25,1.87,660.92,629.25,540.26,43.49,308.87,42.71,43.48,94.4
2015-09-21,115.21,43.3,98.43,31.52,83.32,1.81,666.98,635.44,548.39,43.23,312.39,42.88,44.11,95.55
2015-09-22,113.4,42.48,97.67,31.41,84.66,1.73,653.2,622.69,538.4,41.19,304.33,42.58,43.9,92.96
2015-09-23,114.32,42.2,97.86,31.62,85.5,1.7,653.29,622.36,536.07,41.24,303.26,41.67,43.87,93.97
2015-09-24,115.0,41.94,97.77,31.49,83.91,1.72,654.91,625.8,533.75,40.25,300.51,40.89,43.91,94.41
2015-09-25,114.71,40.86,96.94,32.06,83.13,1.71,640.15,611.97,524.25,40.24,302.98,40.77,43.94,92.77
2015-09-28,112.44,39.06,95.95,31.31,80.52,1.66,624.25,594.89,504.06,39.08,294.06,38.67,43.29,89.21
2015-09-29,109.06,39.5,96.6,30.66,79.83,1.67,622.61,594.97,496.07,39.18,293.52,38.97,43.44,86.67
2015-09-30,109.95,40.22,98.26,30.89,82.22,1.715,637.2,608.42,511.67,38.83,297.47,39.9,44.2,89.73
2015-10-01,109.58,40.76,98.44,30.9,83.75,1.74,642.0,611.29,520.72,39.2,295.92,39.47,44.61,90.95
2015-10-02,110.38,41.38,99.39,31.46,83.99,1.83,656.99,626.91,532.54,38.63,303.36,40.3,45.57,92.07
2015-10-05,110.78,41.39,101.62,31.97,85.84,1.8,671.68,641.47,543.68,40.19,313.61,41.64,46.63,94.01
2015-10-06,111.31,39.89,101.5,31.91,85.15,1.83,671.64,645.44,537.48,38.13,312.73,41.34,46.75,92.8
2015-10-07,110.78,40.63,102.62,31.94,80.65,1.86,670.0,642.36,541.94,39.31,320.64,42.41,46.8,92.4
2015-10-08,109.5,41.16,105.01,31.73,82.26,1.93,667.0,639.16,533.16,39.74,318.57,43.86,47.45,92.47
2015-10-09,112.12,41.89,104.78,32.07,83.82,1.96,671.24,643.61,539.8,42.42,318.11,43.13,47.11,93.24
2015-10-12,111.6,41.57,105.05,32.58,83.92,1.87,676.43,646.67,550.19,43.84,315.66,42.62,47.0,94.26
2015-10-13,111.79,40.92,103.48,32.88,83.65,1.92,683.17,652.3,548.9,43.41,315.12,42.34,46.89,94.12
2015-10-14,110.21,40.72,102.43,33.02,83.8,1.95,680.41,651.16,544.83,43.8,322.47,42.43,46.68,94.07
2015-10-15,111.86,41.87,102.3,33.8,86.77,1.97,693.02,661.74,562.44,44.46,325.63,43.16,47.01,95.96
2015-10-16,111.04,42.22,103.01,34.17,88.67,1.94,695.32,662.2,570.76,43.71,330.83,43.18,47.51,97.54
2015-10-19,111.73,42.15,103.1,33.75,88.4,2.01,699.95,666.1,573.15,44.45,327.88,42.92,47.62,98.47
2015-10-20,113.77,41.74,103.47,33.82,86.84,2.02,680.0,650.28,560.88,44.79,327.15,43.95,47.77,97.0
2015-10-21,113.76,42.2,102.52,33.78,86.13,2.1,671.8,642.61,555.77,44.31,321.98,43.18,47.2,97.11
2015-10-22,115.5,43.5,106.46,34.75,88.46,2.14,681.14,651.79,563.91,45.99,335.35,43.21,48.03,99.67
2015-10-23,119.08,43.6,107.99,34.9,87.86,2.21,719.33,702.0,599.03,45.67,340.79,44.49,52.87,102.19
2015-10-26,115.28,43.61,107.97,34.88,88.84,2.15,731.12,712.78,608.61,46.47,337.02,44.36,54.25,103.77
2015-10-27,114.55,43.88,107.87,34.88,88.05,2.15,732.82,708.49,611.01,46.46,335.57,44.5,53.69,103.7
2015-10-28,119.27,44.76,109.73,35.28,88.5,2.18,736.92,712.95,617.1,45.86,346.32,45.49,53.98,104.2
2015-10-29,120.53,45.24,107.95,34.99,88.12,2.13,744.85,716.92,626.55,45.86,349.86,46.62,53.36,104.88
2015-10-30,119.5,44.8,107.2,34.76,88.66,2.12,737.39,710.81,625.9,46.22,351.97,46.52,52.64,101.97
2015-11-02,121.18,45.43,107.6,34.57,89.91,2.19,747.74,721.11,628.35,46.47,354.57,47.87,53.24,103.31
2015-11-03,122.57,45.51,107.31,35.82,90.36,2.28,748.82,722.16,625.31,46.5,358.47,48.24,54.15,102.58
2015-11-04,122.0,45.18,106.52,36.99,91.01,2.2,755.31,728.11,640.95,45.63,356.49,47.95,54.4,103.94
2015-11-05,120.92,45.18,106.09,37.36,90.55,2.2,760.67,731.25,655.65,45.6,357.3,47.77,54.38,108.76
2015-11-06,121.06,45.63,106.0,35.0,90.69,2.15,761.6,733.76,659.37,45.34,356.7,48.64,54.92,107.095
2015-11-09,120.57,45.05,104.88,34.05,89.8,2.11,754.77,724.89,655.49,44.65,349.57,48.54,54.16,106.49
2015-11-10,116.77,45.76,105.07,33.86,90.28,2.02,758.26,728.32,659.68,44.49,350.27,49.75,53.51,107.91
2015-11-11,116.11,45.07,105.1,34.57,91.21,2.07,765.25,735.4,673.25,44.39,350.5,50.31,53.65,109.01
2015-11-12,115.72,44.19,104.32,35.01,90.84,2.0,756.53,731.23,665.6,43.9,345.74,50.36,53.32,108.02
2015-11-13,112.34,43.96,103.15,34.59,89.02,1.99,740.07,717.0,642.35,43.45,343.25,49.88,52.84,103.95
2015-11-16,114.175,44.88,106.33,34.95,89.765,1.99,750.42,728.96,647.81,42.83,352.33,50.94,53.765,104.04
2015-11-17,113.69,44.77,106.29,36.12,90.29,1.98,745.98,725.3,643.3,42.3,353.42,50.78,52.97,105.13
2015-11-18,117.29,45.8,107.88,36.87,91.27,2.12,760.01,740.0,663.54,41.75,360.63,51.31,53.85,107.77
2015-11-19,118.78,45.73,107.28,37.01,91.76,2.14,759.94,738.41,661.27,42.3,359.09,51.75,53.94,106.26
2015-11-20,119.3,46.01,107.97,37.51,91.81,2.22,777.0,756.6,668.45,42.2,362.46,51.69,54.19,107.32
2015-11-23,117.75,45.44,107.84,37.35,91.96,2.22,776.7,755.98,678.99,42.3,363.25,50.98,54.19,106.95
2015-11-24,118.88,45.45,107.35,36.84,92.0,2.34,769.63,748.28,671.15,41.23,356.81,50.54,54.25,105.74
2015-11-25,118.03,45.41,107.1,37.23,91.77,2.38,769.26,748.15,675.34,41.31,360.62,50.98,53.69,105.41
2015-11-27,117.81,45.42,107.46,37.24,92.17,2.33,771.97,750.26,673.26,41.69,358.39,50.75,53.93,105.45
2015-11-30,118.3,44.92,107.22,37.66,91.46,2.36,762.85,742.6,664.8,41.26,363.72,50.48,54.35,104.24
2015-12-01,117.34,45.46,108.13,38.57,92.55,2.34,783.79,767.04,679.06,43.26,361.73,51.1,55.22,107.12
2015-12-02,116.28,45.22,107.59,38.38,92.02,2.27,777.85,762.38,676.01,43.82,358.92,50.05,55.21,106.07
2015-12-03,115.2,44.15,105.93,37.62,89.91,2.23,768.2,752.54,666.25,43.27,352.0,49.33,54.2,104.38
2015-12-04,119.03,45.3,109.1,38.89,92.58,2.28,779.21,766.81,672.64,44.97,360.76,50.01,55.91,106.18
2015-12-07,118.28,45.56,108.94,38.69,89.6,2.355,772.99,763.25,669.83,45.78,355.47,50.45,55.81,105.61
2015-12-08,118.23,45.55,108.91,39.36,91.72,2.39,775.14,762.37,677.33,44.55,348.94,49.84,55.79,106.49
2015-12-09,115.62,44.96,107.29,38.59,89.56,2.35,762.55,751.61,664.79,43.65,344.57,48.36,54.98,104.6
2015-12-10,116.17,45.31,107.6,38.38,88.96,2.45,760.04,749.46,662.32,44.09,345.25,48.53,55.27,105.42
2015-12-11,113.18,44.36,105.3,37.22,91.42,2.36,750.42,738.87,640.15,42.09,322.78,46.84,54.06,102.12
2015-12-14,112.48,44.81,106.36,37.96,93.26,2.34,762.54,747.77,657.91,41.77,319.6,46.34,55.14,104.66
2015-12-15,110.49,45.59,106.72,38.71,94.02,2.36,760.09,743.4,658.64,42.595,329.54,46.83,55.2,104.55
2015-12-16,111.34,46.05,109.08,39.21,95.56,2.54,776.59,758.09,675.77,43.2,331.0,47.5,56.13,106.79
2015-12-17,108.98,45.26,103.26,38.87,94.2,2.56,769.83,749.43,670.65,42.46,330.21,46.52,55.7,106.22
2015-12-18,106.03,43.7,101.93,38.47,91.31,2.45,756.85,739.31,664.14,41.09,321.47,45.66,54.13,104.04
2015-12-21,107.33,44.04,102.99,38.74,91.62,2.53,760.8,747.77,664.51,42.4,325.55,45.79,54.83,104.77
2015-12-22,107.23,44.48,103.76,39.21,93.82,2.77,767.13,750.0,663.15,42.895,330.51,46.61,55.35,105.51
2015-12-23,108.61,45.1,104.42,38.84,94.7,2.83,768.51,750.31,663.7,43.29,339.64,47.23,55.82,104.63
2015-12-24,108.03,45.1,104.23,38.92,94.3,2.92,765.84,748.4,662.79,43.81,337.4,47.44,55.67,105.02
2015-12-28,106.82,45.03,104.08,39.03,94.2,3.0,782.24,762.51,675.2,43.23,342.45,46.83,55.95,105.93
2015-12-29,108.74,45.82,105.32,39.58,95.33,3.0,793.96,776.6,693.97,43.5,343.6,47.29,56.55,107.26
2015-12-30,107.32,45.27,105.86,39.43,95.28,2.98,790.3,771.0,689.07,42.8,342.05,46.76,56.31,106.22
2015-12-31,105.26,44.91,104.5,38.71,93.94,2.87,778.01,758.88,675.89,42.35,340.52,47.13,55.48,104.66
2016-01-04,105.35,42.93,101.83,37.62,91.97,2.77,759.44,741.84,636.99,40.91,333.1,46.65,54.8,102.22
2016-01-05,102.71,42.92,102.36,37.14,92.34,2.75,761.53,742.58,633.79,40.52,333.96,46.12,55.05,102.73
2016-01-06,100.7,42.56,102.16,36.79,91.02,2.505,759.33,743.62,632.65,41.23,330.16,46.13,54.05,102.97
2016-01-07,96.45,41.54,99.16,36.27,89.11,2.275,741.0,726.39,607.94,40.45,315.73,45.34,52.17,97.92
2016-01-08,96.96,40.67,98.2,35.71,87.85,2.14,730.91,714.47,607.05,40.37,307.78,46.46,52.33,97.33
